linea,tiempo_hms,segundos,texto_original,texto_limpio,tramo,motivo_exclusion
1,00:00:00,0,Gracias por estar ahí. Disfrutad del clásico madridistas. Disfrutad del clásico culés. Disfruta también del clásico Esteban. ¿Qué tal? ¿Cómo estás?,Gracias por estar ahí. Disfrutad del clásico madridistas. Disfrutad del clásico culés. Disfruta también del clásico Esteban. ¿Qué tal? ¿Cómo estás?,fuera_del_partido,Presentacion previa o comentario posterior al pitido final.
2,00:00:08,8,"Buenas noches, Jordi. Encantado.","Buenas noches, Jordi. Encantado.",fuera_del_partido,Presentacion previa o comentario posterior al pitido final.
3,00:00:10,10,"Bueno, pues aquí tenemos la alineación del Real Madrid que va a jugar con Lunin bajo palos. Veremos a Lucas Vázquez, Militao, Rudiger y Mendí por delante.","Bueno, pues aquí tenemos la alineación del Real Madrid que va a jugar con Lunin bajo palos. Veremos a Lucas Vázquez, Militao, Rudiger y Mendí por delante.",fuera_del_partido,Presentacion previa o comentario posterior al pitido final.
4,00:00:19,19,"Esa línea de cuatro con Bellingham, Fede de Valverde, Chuamenica, Mavinga, Mbappé y Vinicius en la punta del ataque.","Esa línea de cuatro con Bellingham, Fede de Valverde, Chuamenica, Mavinga, Mbappé y Vinicius en la punta del ataque.",fuera_del_partido,Presentacion previa o comentario posterior al pitido final.
5,00:00:25,25,"Sí, no hay muchas sorpresas, hay bajas, eh, entre ellas la de Courtois que vuelve a jugar Luning. Lo que pasa que ahora ya con Luning parece que hay todo","Sí, no hay muchas sorpresas, hay bajas, eh, entre ellas la de Courtois que vuelve a jugar Luning. Lo que pasa que ahora ya con Luning parece que hay todo",fuera_del_partido,Presentacion previa o comentario posterior al pitido final.
6,00:00:32,32,"es todo mucho más tranquilo, hay mucha más eh sosiego, ¿no?, sobre su figura. Y este dibujo lo entiendo para defender,","es todo mucho más tranquilo, hay mucha más eh sosiego, ¿no?, sobre su figura. Y este dibujo lo entiendo para defender,",fuera_del_partido,Presentacion previa o comentario posterior al pitido final.
7,00:00:39,39,"pero para atacar entiendo que Bellinga va a acompañar mucho más cerca a Vinicius y Mbappé, ¿no?, que son los dos delanteros eh, que hoy presenta Chelotti en un 11 que no hay ninguna sorpresa.","pero para atacar entiendo que Bellinga va a acompañar mucho más cerca a Vinicius y Mbappé, ¿no?, que son los dos delanteros eh, que hoy presenta Chelotti en un 11 que no hay ninguna sorpresa.",fuera_del_partido,Presentacion previa o comentario posterior al pitido final.
8,00:00:49,49,"Podría ha la duda entre a lo mejor Chuamení, Camavinga o Modric. Dos plazas para esos tres, pues ya se ha decidido Anchelotti.","Podría ha la duda entre a lo mejor Chuamení, Camavinga o Modric. Dos plazas para esos tres, pues ya se ha decidido Anchelotti.",fuera_del_partido,Presentacion previa o comentario posterior al pitido final.
9,00:00:58,58,Tenemos también la alineación del Fútbol Club Barcelona que va a saltar al terreno de juego con Iñaquip Peña bajo palos. Veremos a Kunarío Martínez y,Tenemos también la alineación del Fútbol Club Barcelona que va a saltar al terreno de juego con Iñaquip Peña bajo palos. Veremos a Kunarío Martínez y,fuera_del_partido,Presentacion previa o comentario posterior al pitido final.
10,00:01:05,65,"Valde por delante. Marcas, Pedri y Fermín en la punta del ataque. Rober Lewandowski con la Minja mal y Rafiña a las bandas.","Valde por delante. Marcas, Pedri y Fermín en la punta del ataque. Rober Lewandowski con la Minja mal y Rafiña a las bandas.",fuera_del_partido,Presentacion previa o comentario posterior al pitido final.
11,00:01:13,73,"Sí, también aquí pocas dudas parecía ningún entrenador cambia. De hecho, es el mismo 11 que sacó el otro día contra el Valle de Munich que también le fue","Sí, también aquí pocas dudas parecía ningún entrenador cambia. De hecho, es el mismo 11 que sacó el otro día contra el Valle de Munich que también le fue",fuera_del_partido,Presentacion previa o comentario posterior al pitido final.
12,00:01:21,81,Hans Flick. También sobre el portero van a estar muchas miradas puestas porque necesita realizar un gran partido en un escenario como este. Hoy puede ser el,Hans Flick. También sobre el portero van a estar muchas miradas puestas porque necesita realizar un gran partido en un escenario como este. Hoy puede ser el,fuera_del_partido,Presentacion previa o comentario posterior al pitido final.
13,00:01:28,88,"día paraqu Peña, pero si hablamos de Días hay que hablar de Lewandowski con 12 goles o de Rafiña que lleva una temporada espectacular y bueno, los ojos","día paraqu Peña, pero si hablamos de Días hay que hablar de Lewandowski con 12 goles o de Rafiña que lleva una temporada espectacular y bueno, los ojos",fuera_del_partido,Presentacion previa o comentario posterior al pitido final.
14,00:01:36,96,en la Minamal. un equipo con ocho españoles. El Fútbol Club Barcelona ni que decir tiene la juventud de de este equipo.,en la Minamal. un equipo con ocho españoles. El Fútbol Club Barcelona ni que decir tiene la juventud de este equipo.,fuera_del_partido,Presentacion previa o comentario posterior al pitido final.
15,00:01:43,103,"Pues y además de la de la masía, la mayoría de ellos catalanes. Bueno, pues va a arrancar el partido. Ahí tenemos a Luning, que va a ser el portero titular","Pues y además de la de la masía, la mayoría de ellos catalanes. Bueno, pues va a arrancar el partido. Ahí tenemos a Luning, que va a ser el portero titular",fuera_del_partido,Presentacion previa o comentario posterior al pitido final.
16,00:01:52,112,"del Real Madrid. Ahí tenemos a Carro Ancelotti, técnico absolutamente experimentado. Y ahí tenemos también a Hany Flick con esa cara de","del Real Madrid. Ahí tenemos a Carro Ancelotti, técnico absolutamente experimentado. Y ahí tenemos también a Hany Flick con esa cara de",fuera_del_partido,Presentacion previa o comentario posterior al pitido final.
17,00:01:59,119,"concentración, de intensidad porque va a comenzar a rodar el balón. Tenemos ese plano cenital a vista de pájaro con el Real Madrid, que va a ser el equipo que","concentración, de intensidad porque va a comenzar a rodar el balón. Tenemos ese plano cenital a vista de pájaro con el Real Madrid, que va a ser el equipo que",fuera_del_partido,Presentacion previa o comentario posterior al pitido final.
18,00:02:07,127,"ponga el balón en circulación. Va a arrancar el clásico. Qué ganas tenemos, amigas, amigos de la Liga. Un saludo cordial a toda la gente que ahora mismo","ponga el balón en circulación. Va a arrancar el clásico. Qué ganas tenemos, amigas, amigos de la Liga. Un saludo cordial a toda la gente que ahora mismo",fuera_del_partido,Presentacion previa o comentario posterior al pitido final.
19,00:02:15,135,"nos está siguiendo allí de los Mares, a través de todas las televisiones del mundo entero. Desde Madrid para el","nos está siguiendo allí de los Mares, a través de todas las televisiones del mundo entero. Desde Madrid para el",fuera_del_partido,Presentacion previa o comentario posterior al pitido final.
20,00:02:22,142,"mundo, arranca el partido. Suerte para el Real Madrid, suerte para el Fútbol Club Barcelona, también para Sánchez Martínez y para Muñez Ruiz. Con esta","arranca el partido. Suerte para el Real Madrid, suerte para el Fútbol Club Barcelona, también para Sánchez Martínez y para Muñez Ruiz. Con esta",partido,
21,00:02:29,149,"primera aproximación se dejó el balón atrás Lucas Vázquez. No pudo llegar. Sí que ha llegado C de Valverde, el máximo recuperador de la Liga en terreno de","primera aproximación se dejó el balón atrás Lucas Vázquez. No pudo llegar. Sí que ha llegado C de Valverde, el máximo recuperador de la Liga en terreno de",partido,
22,00:02:37,157,juego rival. Ha tocado ese balón. Es saque de banda favorable al conjunto blaugrana. Teníamos a Feed de Valverde en esa presión y el saque de banda para,juego rival. Ha tocado ese balón. Es saque de banda favorable al conjunto blaugrana. Teníamos a Feed de Valverde en esa presión y el saque de banda para,partido,
23,00:02:46,166,"el cuadro culel. Real Madrid va a aprovechar, evidentemente para presionar. Se lo toma con calma el","el cuadro culel. Real Madrid va a aprovechar, evidentemente para presionar. Se lo toma con calma el",partido,
24,00:02:53,173,fútbol Club Barcelona. Ahí tenemos el doble de goles por parte de Robert Lewandowski. Killeran Mbappé que puede llevarse ese balón desde el costado,fútbol Club Barcelona. Ahí tenemos el doble de goles por parte de Robert Lewandowski. Killeran Mbappé que puede llevarse ese balón desde el costado,partido,
25,00:03:00,180,derecho. Está en posición de offside y va a poner el balón en circulación ya el Fútbol Club Barcelona. Prácticamente,derecho. Está en posición de fuera de juego y va a poner el balón en circulación ya el Fútbol Club Barcelona. Prácticamente,partido,
26,00:03:07,187,primer minuto de partido con este marcador de 0 a0. Este es el primer ataque del Fútbol Club Barcelona con Pedri ahora mismo perseguido por,primer minuto de partido con este marcador de 0 a0. Este es el primer ataque del Fútbol Club Barcelona con Pedri ahora mismo perseguido por,partido,
27,00:03:15,195,Vinicius a la derecha para Jus Kundé. Se lo toma con calma al Barça.,Vinicius a la derecha para Jus Kundé. Se lo toma con calma al Barça.,partido,
28,00:03:20,200,"Sí, a través de la posesión con un Pedri que está fantástico, Jordi. Estamos viendo la mejor versión de Pedri desde su lesión.","Sí, a través de la posesión con un Pedri que está fantástico, Jordi. Estamos viendo la mejor versión de Pedri desde su lesión.",partido,
29,00:03:27,207,"Sí, sin lugar a dudas, Esteban. La verdad es que eh hombre que no está teniendo todas las lesiones que ha","Sí, sin lugar a dudas, Esteban. La verdad es que eh hombre que no está teniendo todas las lesiones que ha",partido,
30,00:03:33,213,tenido y eso evidentemente le ayuda a poder rendir. Vamos a ver la posición de Killan Mbappé. Mbappé que tiene la oportunidad del primer minuto. Puede,tenido y eso evidentemente le ayuda a poder rendir. Vamos a ver la posición de Killan Mbappé. Mbappé que tiene la oportunidad del primer minuto. Puede,partido,
31,00:03:41,221,"marcar. La envía fuera. le ha enviado fuera que estaba en fuera de juego. Y aquí, amigas, amigos de la Liga, tenemos","marcar. La envía fuera. le ha enviado fuera que estaba en fuera de juego. Y aquí, amigas, amigos de la Liga, tenemos",partido,
32,00:03:49,229,"una de las claves del partido, la defensa adelantadísima del Fútbol Club Barcelona. Y ahí como puede, yo creo que por muy poco, pero sí que está en fuera","una de las claves del partido, la defensa adelantadísima del Fútbol Club Barcelona. Y ahí como puede, yo creo que por muy poco, pero sí que está en fuera",partido,
33,00:03:57,237,"de juego, pero ahí está Esteban, una de las claves del partido, defensa adelantada y las salidas fullantes de este hombre.","de juego, pero ahí está Esteban, una de las claves del partido, defensa adelantada y las salidas fullantes de este hombre.",partido,
34,00:04:04,244,"Una tónica de toda la temporada del Barça, defensa adelantada, rivales que caen fuera de juego, no siempre por mucho, todo lo contrario, casi","Una tónica de toda la temporada del Barça, defensa adelantada, rivales que caen fuera de juego, no siempre por mucho, todo lo contrario, casi",partido,
35,00:04:12,252,centímetros. Eso habla mucho de la coordinación de defensiva y aquí le doy mucha cuota de responsabilidad y de protagonismo hoy Ñakiqui Peña porque,centímetros. Eso habla mucho de la coordinación de defensiva y aquí le doy mucha cuota de responsabilidad y de protagonismo hoy Ñakiqui Peña porque,partido,
36,00:04:20,260,"Mbappé Vinicius son muy rápidos, no son jugadores que caen habitualmente en prueba de juego y el portero tiene que defender ese espacio o intentarlo.","Mbappé Vinicius son muy rápidos, no son jugadores que caen habitualmente en prueba de juego y el portero tiene que defender ese espacio o intentarlo.",partido,
37,00:04:28,268,"Bueno, pues el Real Madrid que ha tenido ya la primera oportunidad en el primer minuto de partido, 2 minutos ya de la","Bueno, pues el Real Madrid que ha tenido ya la primera oportunidad en el primer minuto de partido, 2 minutos ya de la",partido,
38,00:04:34,274,primera parte en el clásico desde Chamartí para el mundo. Real Madrid 0 Fútbol Club Barcelona 0. Lucas Vázquez abre el tobillo para combinar con Jud,primera parte en el clásico desde Chamartí para el mundo. Real Madrid 0 Fútbol Club Barcelona 0. Lucas Vázquez abre el tobillo para combinar con Jud,partido,
39,00:04:43,283,"Bellingham, le presiona Pedri, le derriba, falta táctica. Jud Bellingham saca el balón en estático. Juncunde","Bellingham, le presiona Pedri, le derriba, falta táctica. Jud Bellingham saca el balón en estático. Juncunde",partido,
40,00:04:51,291,acaba despejando el balón. Vemos a Fermín como doma el balón. Combina con la Minal. Es la primera acción del Fútbol Club Barcelona. Fermín se ha,acaba despejando el balón. Vemos a Fermín como doma el balón. Combina con la Minal. Es la primera acción del Fútbol Club Barcelona. Fermín se ha,partido,
41,00:04:58,298,llevado por delante ahí al jugador del Real Madrid. La falta es bastante clara.,llevado por delante ahí al jugador del Real Madrid. La falta es bastante clara.,partido,
42,00:05:02,302,"Ha ido muy fuerte ahí Fermín sobre Vinicius y el árbitro Sánchez Martínez que decreta, evidentemente falta. y","Ha ido muy fuerte ahí Fermín sobre Vinicius y el árbitro Sánchez Martínez que decreta, evidentemente falta. y",partido,
43,00:05:09,309,vemos como se adelanta el balón y como sobre Militao acaba cometiendo esa falta en el balón dividido.,vemos como se adelanta el balón y como sobre Militao acaba cometiendo esa falta en el balón dividido.,partido,
44,00:05:16,316,"Hoy es importante la figura del árbitro porque sabemos que en este partido, aparte de la técnica, la táctica, eh el físico, la sobrecitación, Jordi, el tema","Hoy es importante la figura del árbitro porque sabemos que en este partido, aparte de la técnica, la táctica, eh el físico, la sobrecitación, Jordi, el tema",partido,
45,00:05:25,325,"mental, jugadores muy muy calientes, muy muy nerviosos, pues el árbitro es el que menos nervioso tiene que estar y dejar fluir el juego.","mental, jugadores muy muy calientes, muy muy nerviosos, pues el árbitro es el que menos nervioso tiene que estar y dejar fluir el juego.",partido,
46,00:05:33,333,"Vineos por el costado izquierdo, primer balón que toca desde la banda del jugador brasileero. Recortado perfectamente otro recorte. Vamos a ver si logra meter el centro. Tiene hasta","Vineos por el costado izquierdo, primer balón que toca desde la banda del jugador brasileero. Recortado perfectamente otro recorte. Vamos a ver si logra meter el centro. Tiene hasta",partido,
47,00:05:41,341,tres jugadores delante del fútbol Club Barcelona y vemos a Vinicius como está ya segunda vez que reclama el apoyo del,tres jugadores delante del fútbol Club Barcelona y vemos a Vinicius como está ya segunda vez que reclama el apoyo del,partido,
48,00:05:48,348,público. 3 minutos y medio la entrada de Fermín y ahí vemos a Vinicius como acaba forzando de nuevo un saque de esquina,público. 3 minutos y medio la entrada de Fermín y ahí vemos a Vinicius como acaba forzando de nuevo un saque de esquina,partido,
49,00:05:55,355,donde el Real Madrid puede sacar petróleo. Cundéa ha sido el último a tocar ese balón y Fed de Valverde el encargado de patear el saque de esquina a los 4 minutos de la primera parte. De,donde el Real Madrid puede sacar petróleo. Cundéa ha sido el último a tocar ese balón y Fed de Valverde el encargado de patear el saque de esquina a los 4 minutos de la primera parte. De,partido,
50,00:06:04,364,momento ha arrancado mejor el clásico el equipo blanco. Fede de Valverde para meter ese balón hacia el primer palo. A la remanguillé lo intentaba Chuamení. Le,momento ha arrancado mejor el clásico el equipo blanco. Fede de Valverde para meter ese balón hacia el primer palo. A la remanguillé lo intentaba Chuamení. Le,partido,
51,00:06:12,372,cae el balón de nuevo a Vinicius. Tiene delante a Fermín que pugna con el balón.,cae el balón de nuevo a Vinicius. Tiene delante a Fermín que pugna con el balón.,partido,
52,00:06:15,375,Otro saque de esquina más para el equipo blanco.,Otro saque de esquina más para el equipo blanco.,partido,
53,00:06:18,378,"Y fíjate, no está Modri, no está Rodrigo Guller tampoco juega. ¿Quién iba a sacar el balón parado? Que el Madrid lleva nu goles. Pues mira, Fed Valverde va a ser el encargado hoy.","Y fíjate, no está Modri, no está Rodrigo Guller tampoco juega. ¿Quién iba a sacar el balón parado? Que el Madrid lleva nu goles. Pues mira, Fed Valverde va a ser el encargado hoy.",partido,
54,00:06:27,387,Pues Fed Valverde con el o a la espalda.,Pues Fed Valverde con el o a la espalda.,partido,
55,00:06:32,392,"Firme el equipo blanco. Chuamen el primer palo para intentar la prolongación y bueno, otro saque de esquina. No se sacude la presión. Ahí","Firme el equipo blanco. Chuamen el primer palo para intentar la prolongación y bueno, otro saque de esquina. No se sacude la presión. Ahí",partido,
56,00:06:39,399,vemos a Chuamení como le ha pisado a alguien porque le ha salido la bota.,vemos a Chuamení como le ha pisado a alguien porque le ha salido la bota.,partido,
57,00:06:44,404,Entiendo que Ñigo Martínez de forma involuntaria y el saque de esquina de nuevo para el equipo blanco. 4 minutos y medio se mantiene el 0 a0. Iñaki Peña,Entiendo que Ñigo Martínez de forma involuntaria y el saque de esquina de nuevo para el equipo blanco. 4 minutos y medio se mantiene el 0 a0. Iñaki Peña,partido,
58,00:06:51,411,tiene poco espacio ahí para moverse. Fed Valverde para los puños de Iñaqui Peña.,tiene poco espacio ahí para moverse. Fed Valverde para los puños de Iñaqui Peña.,partido,
59,00:06:57,417,Jud Bellingan con la testa. Ha tocado Marc Casado. Balón rebotado en el colegiado. Será balón para el Fútbol,Jud Bellingan con la testa. Ha tocado Marc Casado. Balón rebotado en el colegiado. Será balón para el Fútbol,partido,
60,00:07:05,425,"Club Barcelona. Iñaiqui Peña Estebán tenía muy poco espacio. Eh, sí. Eh, cuando tienes poco espacio, lo mejor eh bajo mi punto de vista es","Club Barcelona. Iñaiqui Peña Estebán tenía muy poco espacio. Eh, sí. Eh, cuando tienes poco espacio, lo mejor eh bajo mi punto de vista es",partido,
61,00:07:12,432,"ponerte más atrás, alejarte tú de de de de tanto tráfico. Estoy viendo una tendencia a los porteros que les gusta ponerse ahí. Yo creo que limitas mucho","ponerte más atrás, alejarte tú de tanto tráfico. Estoy viendo una tendencia a los porteros que les gusta ponerse ahí. Yo creo que limitas mucho",partido,
62,00:07:20,440,"tu capacidad de correr hacia delante y por lo tanto de impulsar, aunque es verdad que resolvió muy bien con un despeje de puños Iñaquip Peña.","tu capacidad de correr hacia delante y por lo tanto de impulsar, aunque es verdad que resolvió muy bien con un despeje de puños Iñaquip Peña.",partido,
63,00:07:27,447,"Reiniciando la acción, borrando en la pizarra de Chamartín, Lucas Vázquez para enviar ese balón atrás hacia eh Lunin","Reiniciando la acción, borrando en la pizarra de Chamartín, Lucas Vázquez para enviar ese balón atrás hacia eh Lunin",partido,
64,00:07:36,456,"para iniciar reiniciar de nuevo el periplo futbolístico del equipo blanco en este partido. Busca el fútbol directo. Tenemos a Paco Barsí tocando ese balón con la cabeza, marca Sad es","para iniciar reiniciar de nuevo el periplo futbolístico del equipo blanco en este partido. Busca el fútbol directo. Tenemos a Paco Barsí tocando ese balón con la cabeza, marca Sad es",partido,
65,00:07:44,464,"muy valiente, igual que Fede de Valverde. tocar Antonio Rudiger. El alemán se equivoca. Puede llevarse ese balón Fermín. El Barça que intenta","muy valiente, igual que Fede de Valverde. tocar Antonio Rudiger. El alemán se equivoca. Puede llevarse ese balón Fermín. El Barça que intenta",partido,
66,00:07:52,472,carburar un poquito la velocidad de Balde. Ahí tenemos al jugador de origen dominicano. Le roba la cartera para contar el dinero Jud Bellingham que ha,carburar un poquito la velocidad de Balde. Ahí tenemos al jugador de origen dominicano. Le roba la cartera para contar el dinero Jud Bellingham que ha,partido,
67,00:07:59,479,maravillado en esa zona del terreno de juego con ese par de giros y el saque de banda de nuevo para el equipo blanco Esteban que ha salido mejor al clásico de la liga.,maravillado en esa zona del terreno de juego con ese par de giros y el saque de banda de nuevo para el equipo blanco Esteban que ha salido mejor al clásico de la liga.,partido,
68,00:08:07,487,"Que sabíamos o intuíamos que la versión de Real Madrid iba a ser mejor que los últimos partidos en casa, por lo que representa un clásico, por lo que","Que sabíamos o intuíamos que la versión de Real Madrid iba a ser mejor que los últimos partidos en casa, por lo que representa un clásico, por lo que",partido,
69,00:08:15,495,"representa jugar contra el Fútbol Club Barcelona. Es verdad que ha empezado intenso, eh, dos equipos mirándose a la cara sin cometer grandes eh errores ni","representa jugar contra el Fútbol Club Barcelona. Es verdad que ha empezado intenso, eh, dos equipos mirándose a la cara sin cometer grandes eh errores ni",partido,
70,00:08:25,505,"grandes riesgos, porque es un partido, Jordi, que es muy importante ganar, pero entiendo que es fundamental no perderlo para que su construcción como equipo,","grandes riesgos, porque es un partido, Jordi, que es muy importante ganar, pero entiendo que es fundamental no perderlo para que su construcción como equipo,",partido,
71,00:08:33,513,"ninguno de los dos, genereen muchas dudas. Lo intentaba Jun Kundea, yo no recuerdo un clásico en los últimos años que llegara con los dos equipos con la","ninguno de los dos, genereen muchas dudas. Lo intentaba Jun Kundea, yo no recuerdo un clásico en los últimos años que llegara con los dos equipos con la",partido,
72,00:08:41,521,"flechita hacia arriba, sobre todo venir de dos goleadas como vienen los dos equipos en la Liga de Campeones. La enésima remontada del Real Madrid","flechita hacia arriba, sobre todo venir de dos goleadas como vienen los dos equipos en la Liga de Campeones. La enésima remontada del Real Madrid",partido,
73,00:08:49,529,"repitiendo la final de la Champions, 5-2 ante el Dortmund y la victoria ante su última bestia negra de los últimos años, el Bayern de Munich del Fútbol Club","repitiendo la final de la Champions, 5-2 ante el Dortmund y la victoria ante su última bestia negra de los últimos años, el Bayern de Munich del Fútbol Club",partido,
74,00:08:57,537,Barcelona con un Rafiña eh descomunal ah y con una autoridad absolutamente espectacular. Tenemos a Luni moviendo,Barcelona con un Rafiña eh descomunal ah y con una autoridad absolutamente espectacular. Tenemos a Luni moviendo,partido,
75,00:09:05,545,ese balón a la derecha para Militao. Si queré comentarlo algo a Esteban @esteban1unoportero @esteban un portero. En la red de,ese balón a la derecha para Militao. Si queré comentarlo algo a Esteban @esteban1unoportero @esteban un portero. En la red de,partido,
76,00:09:14,554,"Twitter en la red X, ahí tenemos a Vinicius Corta Pacubarí. Si me queréis comentar algo, lo podéis hacer a través de Twitter, la red X en este nickname","Twitter en la red X, ahí tenemos a Vinicius Corta Pacubarí. Si me queréis comentar algo, lo podéis hacer a través de Twitter, la red X en este nickname",partido,
77,00:09:22,562,"@jordipons-@jordipons- 7 minutos de la primera mitad, Real Madrid 0 Fútbol Club Barcelona.","@jordipons-@jordipons- 7 minutos de la primera mitad, Real Madrid 0 Fútbol Club Barcelona.",partido,
78,00:09:29,569,"Estabiliza ya un poquito más el Barça el partido intentando tener un poquito más de posesión. Tuvo una oportunidad muy clara, no lo podemos olvidar. Killan","Estabiliza ya un poquito más el Barça el partido intentando tener un poquito más de posesión. Tuvo una oportunidad muy clara, no lo podemos olvidar. Killan",partido,
79,00:09:38,578,"Mbappé en el primer minuto se salvó de la quema del Barça y tenemos a Ñaki Peña moviéndose Barón a la izquierda para Ñigo Martínez, titularísimo, ha ganado","Mbappé en el primer minuto se salvó de la quema del Barça y tenemos a Ñaki Peña moviéndose Barón a la izquierda para Ñigo Martínez, titularísimo, ha ganado",partido,
80,00:09:46,586,"la confianza de los culés, aunque ahí se ha equivocado, no ha podido llegar el máximo goleador de la liga hasta el momento, Robert Lewandowski con 12 dianas construye desde atrás. El Real","la confianza de los culés, aunque ahí se ha equivocado, no ha podido llegar el máximo goleador de la liga hasta el momento, Robert Lewandowski con 12 dianas construye desde atrás. El Real",partido,
81,00:09:56,596,Madrid se apacigua un poquito el partido y hablábamos de hablabas de Ñigo Martínez. Para mí uno de los secretos del Barça esta temporada es él precisamente esa defensa adelantada tiene un líder que es él.,Madrid se apacigua un poquito el partido y hablábamos de hablabas de Ñigo Martínez. Para mí uno de los secretos del Barça esta temporada es él precisamente esa defensa adelantada tiene un líder que es él.,partido,
82,00:10:06,606,La minamal Rudiger despejó el balón con la tista.,La minamal Rudiger despejó el balón con la tista.,partido,
83,00:10:10,610,Ahí ha ido a saco Camavinga. Sale al contragolpe el equipo blanco con Kilian Mbappé. Estas son de las que le gustan tanto al Real Madrid como al jugador francés. La cambia toda la izquierda.,Ahí ha ido a saco Camavinga. Sale al contragolpe el equipo blanco con Kilian Mbappé. Estas son de las que le gustan tanto al Real Madrid como al jugador francés. La cambia toda la izquierda.,partido,
84,00:10:21,621,"intuía Jud Belling que llegaba Camavinga, evita que el balón se pierda por la banda. Sigo viendo mejor hasta el momento al equipo blanco. 8 minutos de","intuía Jud Belling que llegaba Camavinga, evita que el balón se pierda por la banda. Sigo viendo mejor hasta el momento al equipo blanco. 8 minutos de",partido,
85,00:10:29,629,"la primera parte. Militado con el balón, espera con el bloque. Ahí lo tenemos juntito y sobre todo muy adelantado donde el Real Madrid va a intentar meter balones a la espalda de la defensa.","la primera parte. Militado con el balón, espera con el bloque. Ahí lo tenemos juntito y sobre todo muy adelantado donde el Real Madrid va a intentar meter balones a la espalda de la defensa.",partido,
86,00:10:40,640,"Lucas Vázquez no pudo ahí la sincronización de Lucas Vázquez con John Beniman. Eh, Pedri para que se la pueda llevar la min. Intenta el primer Slanom.","Lucas Vázquez no pudo ahí la sincronización de Lucas Vázquez con John Beniman. Eh, Pedri para que se la pueda llevar la min. Intenta el primer Slanom.",partido,
87,00:10:50,650,Ahí tenemos al crack del Fútbol Club Barcelona tunelando a Mendí para meter ese balón hacia Rafiña. Primera entrega de la personalidad y del carisma y de la,Ahí tenemos al crack del Fútbol Club Barcelona tunelando a Mendí para meter ese balón hacia Rafiña. Primera entrega de la personalidad y del carisma y de la,partido,
88,00:10:58,658,técnica de la Minamal. Acabó atrapando el balón Lunin. Es de los jugadores siempre que tiene el balón en los pies.,técnica de la Minamal. Acabó atrapando el balón Lunin. Es de los jugadores siempre que tiene el balón en los pies.,partido,
89,00:11:04,664,"Alguna cosa puede pasar, aunque no acabó en nada la acción, pero fue un pase maravilloso.","Alguna cosa puede pasar, aunque no acabó en nada la acción, pero fue un pase maravilloso.",partido,
90,00:11:09,669,"Tiene una cosa la minña más que es difícil defender, por eso es tan bueno.","Tiene una cosa la minña más que es difícil defender, por eso es tan bueno.",partido,
91,00:11:13,673,"Que es improvisación, Jordi. No tiene un patrón de comportamiento. Sale por fuera, sale por dentro, chuta, remata.","Que es improvisación, Jordi. No tiene un patrón de comportamiento. Sale por fuera, sale por dentro, chuta, remata.",partido,
92,00:11:19,679,"Es un jugador muy completo, difícil de defender, completo, insisto, Ñigo Martínez, si nos fijamos cuando no está balón, fíjate ahora dirigiendo con las","Es un jugador muy completo, difícil de defender, completo, insisto, Ñigo Martínez, si nos fijamos cuando no está balón, fíjate ahora dirigiendo con las",partido,
93,00:11:27,687,"manos, comunicando donde quiera la defensa y la recuperación tras pérdida del Fútbol Club Barcelona. Balón para Robert Lewandowski. El primer remate al aire","manos, comunicando donde quiera la defensa y la recuperación tras pérdida del Fútbol Club Barcelona. Balón para Robert Lewandowski. El primer remate al aire",partido,
94,00:11:35,695,acaba atrapando Andre Lunen. Esa es otra de las claves del clásico. Ya hemos visto la de Kilian Mbappé pase a la espalda y ahí parece que Rafiña se ha,acaba atrapando Andre Lunen. Esa es otra de las claves del clásico. Ya hemos visto la de Kilian Mbappé pase a la espalda y ahí parece que Rafiña se ha,partido,
95,00:11:44,704,"hecho daño en el tobillo izquierdo. La otra, esa recuperación tras pérdida del conjunto culé. Rafiña se queja del","hecho daño en el tobillo izquierdo. La otra, esa recuperación tras pérdida del conjunto culé. Rafiña se queja del",partido,
96,00:11:51,711,"tobillo. Vamos a ver la acción repetida por parte del capitán del Fútbol Club Barcelona. Y ahí está Militao, su compatriota, que le ayuda a levantarse.","tobillo. Vamos a ver la acción repetida por parte del capitán del Fútbol Club Barcelona. Y ahí está Militao, su compatriota, que le ayuda a levantarse.",partido,
97,00:11:59,719,"Pisotón, pisotón involuntario, entiendo, de Militao sobre Rafiña. Y ahí Robert Lewandowski por la oposición de Militao","Pisotón, pisotón involuntario, entiendo, de Militao sobre Rafiña. Y ahí Robert Lewandowski por la oposición de Militao",partido,
98,00:12:07,727,"no puede acabar de rematar bien ese balón porque Lewandowski, entiendo que ve a Militao, que le da con fuerza, pero calcula mal el delantero polaco.","no puede acabar de rematar bien ese balón porque Lewandowski, entiendo que ve a Militao, que le da con fuerza, pero calcula mal el delantero polaco.",partido,
99,00:12:16,736,"Lo hace muy militado, Jordi, porque sabe que no va a ganar el balón porque es imposible adelantar ahí a Lewandowski.","Lo hace muy militado, Jordi, porque sabe que no va a ganar el balón porque es imposible adelantar ahí a Lewandowski.",partido,
100,00:12:23,743,"que gana es o le le discute el espacio, con lo cual el remate no es tan bueno. A mí Militado, que este año está recibiendo alguna crítica y es verdad","que gana es o le le discute el espacio, con lo cual el remate no es tan bueno. A mí Militado, que este año está recibiendo alguna crítica y es verdad",partido,
101,00:12:30,750,"que físicamente se le ve un poco eh limitado, nunca, mejor dicho, creo que corrige mucho alguna laguna táctica de","que físicamente se le ve un poco eh limitado, nunca, mejor dicho, creo que corrige mucho alguna laguna táctica de",partido,
102,00:12:38,758,Rudiger. Es tan rápido militao que tapa esa espalda de Rudiger que a veces sale a zonas que no debe salir.,Rudiger. Es tan rápido militao que tapa esa espalda de Rudiger que a veces sale a zonas que no debe salir.,partido,
103,00:12:45,765,Vuelve a carburar ahora el Barça con acción desde la zona ancha del terreno de juego. Ahí tenemos a Kubarsí metiendo ese balón para Balde. Tiene que emplearse a fondo Rafiña ya recuperado.,Vuelve a carburar ahora el Barça con acción desde la zona ancha del terreno de juego. Ahí tenemos a Kubarsí metiendo ese balón para Balde. Tiene que emplearse a fondo Rafiña ya recuperado.,partido,
104,00:12:55,775,Jud Bellinga recuperando ese balón.,Jud Bellinga recuperando ese balón.,partido,
105,00:12:56,776,Buena presión de Valde. Lunin no quiere complicaciones. Saca ese balón largo.,Buena presión de Valde. Lunin no quiere complicaciones. Saca ese balón largo.,partido,
106,00:13:01,781,Ñigo Martínez se impone y ya la vuelve a tener el Barça. Otra recuperación del cuadro Cleéa. 10 para 11. Una de las señas de identidad desde que Hans Flick se ha hecho cargo del banquillo catalán.,Ñigo Martínez se impone y ya la vuelve a tener el Barça. Otra recuperación del cuadro Cleéa. 10 para 11. Una de las señas de identidad desde que Hans Flick se ha hecho cargo del banquillo catalán.,partido,
107,00:13:11,791,Jules Cundé con el balón. Gritos de Madrid. Madrid desde la grada. 11 minutos de la primera parte. Ritmo frenético. Robert Lewandowski. Posible falta. Militao empujando a Robert,Jules Cundé con el balón. Gritos de Madrid. Madrid desde la grada. 11 minutos de la primera parte. Ritmo frenético. Robert Lewandowski. Posible falta. Militao empujando a Robert,partido,
108,00:13:20,800,Lewandowski. Sánche Martínez autoritario. Señala la falta.,Lewandowski. Sánche Martínez autoritario. Señala la falta.,partido,
109,00:13:23,803,"Sí, tiene que estar autoritario Sche Martín. Hay jugadores aquí que miden mucho el árbitro porque su jerarquía en el fútbol no solo español sino mundial","Sí, tiene que estar autoritario Sche Martín. Hay jugadores aquí que miden mucho el árbitro porque su jerarquía en el fútbol no solo español sino mundial",partido,
110,00:13:31,811,"es muy alta y bueno, Sánchez Martínez creo que es un árbitro de la categoría de nuestro fútbol, la mejor liga del mundo, para llevar este clásico en los mejores derroteros posibles.","es muy alta y bueno, Sánchez Martínez creo que es un árbitro de la categoría de nuestro fútbol, la mejor liga del mundo, para llevar este clásico en los mejores derroteros posibles.",partido,
111,00:13:41,821,11 minutos de la primera mitad detrás de la portería de Andre Lunin. Así se ve el fútbol. A mí me encanta esa perspectiva.,11 minutos de la primera mitad detrás de la portería de Andre Lunin. Así se ve el fútbol. A mí me encanta esa perspectiva.,partido,
112,00:13:48,828,"Sí, es la perspectiva de portero, evidentemente. 11 minutos y medio.","Sí, es la perspectiva de portero, evidentemente. 11 minutos y medio.",partido,
113,00:13:51,831,"Rafiña para el golpeo. Vamos a ver la acción de estrategia. Ñigo Martínez para la prolongación. Cómo ha saltado Ñigo Martínez, incluso columpiándose encima","Rafiña para el golpeo. Vamos a ver la acción de estrategia. Ñigo Martínez para la prolongación. Cómo ha saltado Ñigo Martínez, incluso columpiándose encima",partido,
114,00:13:59,839,"de Jud Bellingham. Atrapó Luni. Bueno, pues hoy tenemos los dos porteros del clásico. No son ni Teresten ni Courtoisa, sino que André Lunin y Iñaki Peña, ya que hablas de porteros.","de Jud Bellingham. Atrapó Luni. Bueno, pues hoy tenemos los dos porteros del clásico. No son ni Teresten ni Courtoisa, sino que André Lunin y Iñaki Peña, ya que hablas de porteros.",partido,
115,00:14:09,849,"Sí, la tendencia de últimas temporadas.","Sí, la tendencia de últimas temporadas.",partido,
116,00:14:11,851,"Espera con ese balón de Militao. Llega Cubaría tocado, se la lleva Mbappé, va a buscar a Vaselina, era una opción, pero","Espera con ese balón de Militao. Llega Cubaría tocado, se la lleva Mbappé, va a buscar a Vaselina, era una opción, pero",partido,
117,00:14:19,859,Mbappé no ha encontrado el camino del gol. Segunda oportunidad para el equipo blanco con ese despeje a la remanguillé,Mbappé no ha encontrado el camino del gol. Segunda oportunidad para el equipo blanco con ese despeje a la remanguillé,partido,
118,00:14:26,866,de Paukarí. Otra vez los pases largos que pueden hacerle mucho daño al fútbol club Barcelona. No lo aprovecha Kilian,de Paukarí. Otra vez los pases largos que pueden hacerle mucho daño al fútbol club Barcelona. No lo aprovecha Kilian,partido,
119,00:14:34,874,"Mbappé, que no sé si estaba en cuestión de temporada juego Vinicius el inicio de la jugada, pero lo que hablábamos, ¿no? La tendencia estas últimas temporadas es que","Mbappé, que no sé si estaba en cuestión de temporada juego Vinicius el inicio de la jugada, pero lo que hablábamos, ¿no? La tendencia estas últimas temporadas es que",partido,
120,00:14:42,882,"ahora balón para la Millal. Vamos a ver el mano mano. Lamí, Lamí, Lamí, Lamí, Lamí, Lamí. No ha golpeado bien. Buena acción defensiva de Mendí encimando","ahora balón para la Millal. Vamos a ver el mano mano. Lamí, Lamí, Lamí, Lamí, Lamí, Lamí. No ha golpeado bien. Buena acción defensiva de Mendí encimando",partido,
121,00:14:50,890,sobre la miña mal. Esto es un espectáculo. 12 minutos y medio. El Madrid podría haber marcado ya un par de goles. El Barça uno como mínimo. Esto es,sobre la miña mal. Esto es un espectáculo. 12 minutos y medio. El Madrid podría haber marcado ya un par de goles. El Barça uno como mínimo. Esto es,partido,
122,00:14:59,899,"fútbol total. El clásico no está defraudando en cuanto a emociones de momentos sin cueles, pero esto solo ha hecho que arrancar. Esteban acabamos porque no hay tiempo.","fútbol total. El clásico no está defraudando en cuanto a emociones de momentos sin cueles, pero esto solo ha hecho que arrancar. Esteban acabamos porque no hay tiempo.",partido,
123,00:15:10,910,"Que la tendencia es que las plantillas son las que decidan los campeonatos, ¿no? Y el Madrid, el Barça, el clásico, se está produciendo ese hecho que ninguno de dos porteros, por cierto, los","Que la tendencia es que las plantillas son las que decidan los campeonatos, ¿no? Y el Madrid, el Barça, el clásico, se está produciendo ese hecho que ninguno de dos porteros, por cierto, los",partido,
124,00:15:18,918,"titulares, máximo nivel mundial, jueguen. Y hoy voy a focalizar mucho en ellos porque eh si un equipo pierde van","titulares, máximo nivel mundial, jueguen. Y hoy voy a focalizar mucho en ellos porque eh si un equipo pierde van",partido,
125,00:15:26,926,"a salir señalados. Principalmente Ñakiqui Peña tiene muchísimo que ganar hoy si hace un gran partido, eh, reforzar su posición a la portería, pero","a salir señalados. Principalmente Ñakiqui Peña tiene muchísimo que ganar hoy si hace un gran partido, eh, reforzar su posición a la portería, pero",partido,
126,00:15:34,934,"le veo dubitativo en esa defensa de espacios, no en otra cosa.","le veo dubitativo en esa defensa de espacios, no en otra cosa.",partido,
127,00:15:38,938,"Vemos a Rafiña como intenta liderar las operaciones. Así el cuero a la derecha para Lemin Yamal. Lamin Yamal recibe la presión de Mendí, también de Camavinga.","Vemos a Rafiña como intenta liderar las operaciones. Así el cuero a la derecha para Lemin Yamal. Lamin Yamal recibe la presión de Mendí, también de Camavinga.",partido,
128,00:15:47,947,Sigue proveesando el de Mataró. Se planta dentro del área como insiste.,Sigue proveesando el de Mataró. Se planta dentro del área como insiste.,partido,
129,00:15:51,951,Juscond balón para Pedri. Pedri va a rasear para Fermín. Mendí. Fermín ha tocado Rudiger. Juego eléctrico. Otra recuperación del Barça poniendo ese,Juscond balón para Pedri. Pedri va a rasear para Fermín. Mendí. Fermín ha tocado Rudiger. Juego eléctrico. Otra recuperación del Barça poniendo ese,partido,
130,00:16:00,960,"balón a buen recado Rafiña para Alejandro Valde. Cómo le persigue Bica para intentar recuperar incluso se había ido al suelo. Iñigo Martínez como repliega el Barça, cómo toca Iñaki Peña.","balón a buen recado Rafiña para Alejandro Valde. Cómo le persigue Bica para intentar recuperar incluso se había ido al suelo. Iñigo Martínez como repliega el Barça, cómo toca Iñaki Peña.",partido,
131,00:16:10,970,"Claro, es que Terestegen es mucho mejor que Inñaki Peña en los manos a manos, en las en las acciones cuando tiene que que salir, cuando tiene que que achicar. Me","Claro, es que Terestegen es mucho mejor que Inñaki Peña en los manos a manos, en las en las acciones cuando tiene que salir, cuando tiene que achicar. Me",partido,
132,00:16:19,979,"ha gustado muchísimo la gestión de su entrenador Mbappé. Peña, peña, Peña había fuera de juego.","ha gustado muchísimo la gestión de su entrenador Mbappé. Peña, peña, Peña había fuera de juego.",partido,
133,00:16:29,989,Pues menuda parada independientemente de la posición de offside desde el suelo.,Pues menuda parada independientemente de la posición de fuera de juego desde el suelo.,partido,
134,00:16:33,993,"Cómo ha levantado el brazo Iñaki Peña y otra vez al filo del gol, pero estaba en fuera de juego Kilian Mbappé por muy poquito, pero estaba en fuera de juego.","Cómo ha levantado el brazo Iñaki Peña y otra vez al filo del gol, pero estaba en fuera de juego Kilian Mbappé por muy poquito, pero estaba en fuera de juego.",partido,
135,00:16:43,1003,Y có Iñaki Peña aguanta en el primer palo y cómo levanta el brazo derecho.,Y có Iñaki Peña aguanta en el primer palo y cómo levanta el brazo derecho.,partido,
136,00:16:48,1008,"Brutal. Es muy importante el desplazamiento a la portería, Jordi.","Brutal. Es muy importante el desplazamiento a la portería, Jordi.",partido,
137,00:16:52,1012,"Desplazarte muy bien la uf, qué bien, eh, los perfiles y luego nunca abandonarte, nunca dejar de mirar el","Desplazarte muy bien la uf, qué bien, eh, los perfiles y luego nunca abandonarte, nunca dejar de mirar el",partido,
138,00:17:00,1020,"balón para intentar utilizar bien piernas, bien brazos, que es la diferencia o la ventaja que tienen los porteros dentro del área, poder utilizar","balón para intentar utilizar bien piernas, bien brazos, que es la diferencia o la ventaja que tienen los porteros dentro del área, poder utilizar",partido,
139,00:17:08,1028,"los brazos. Qué bien le va a venir a Ñakiqui Peña esa intervención y que bien le ha venido sobre todo la gestión de Hansy Free, no escogiendo a Chesny, sino manteniendo a Ñaki Peña, le ha reforzado","los brazos. Qué bien le va a venir a Ñakiqui Peña esa intervención y que bien le ha venido sobre todo la gestión de Hansy Free, no escogiendo a Chesny, sino manteniendo a Ñaki Peña, le ha reforzado",partido,
140,00:17:17,1037,"y eso para la posición de un portero, un portero, vamos a decir que inexperto como es Iñaki Peña en defender la portería del primer equipo del Barça,","y eso para la posición de un portero, un portero, vamos a decir que inexperto como es Iñaki Peña en defender la portería del primer equipo del Barça,",partido,
141,00:17:25,1045,"pues es muy importante. 15 minutos de la primera parte, 0 a0 desde Madrid para el mundo entero. 15 minutos con 0-0 con","pues es muy importante. 15 minutos de la primera parte, 0 a0 desde Madrid para el mundo entero. 15 minutos con 0-0 con",partido,
142,00:17:33,1053,"Condé Robert Lewandowski. Lewandowski todavía no ha podido rematar entre palos. Buena presión de Milita. Parece Camavinga. Falta, falta de Robert Lewandowski. Se lleva las manos a la","Condé Robert Lewandowski. Lewandowski todavía no ha podido rematar entre palos. Buena presión de Milita. Parece Camavinga. Falta, falta de Robert Lewandowski. Se lleva las manos a la",partido,
143,00:17:41,1061,"cabreza en directo. Parecía una falta bastante clara, una entrada por detrás.","cabreza en directo. Parecía una falta bastante clara, una entrada por detrás.",partido,
144,00:17:46,1066,La velocidad de ejecución del partido está siendo bastante importante. Supongo que de lo que se queja Robert Lewandowski es que exageró en la caída,La velocidad de ejecución del partido está siendo bastante importante. Supongo que de lo que se queja Robert Lewandowski es que exageró en la caída,partido,
145,00:17:54,1074,"según él. Y aquí vemos el pase para la min de Robert Lewandowski. Eh, y después la definición. Es error ahí, una","según él. Y aquí vemos el pase para la min de Robert Lewandowski. Eh, y después la definición. Es error ahí, una",partido,
146,00:18:02,1082,"oportunidad muy clara por parte de la Minam Mal. juega ahora Mendil, está presionando con Dea, aparece también Fermín, balón atrás para Rudiger, le dice, ""Te la dejo a ti, a Luning que","oportunidad muy clara por parte de la Minam Mal. juega ahora Mendil, está presionando con Dea, aparece también Fermín, balón atrás para Rudiger, le dice, ""Te la dejo a ti, a Luning que",partido,
147,00:18:11,1091,"eleva ese balón hasta la zona ancha del terreno de juego."" Tocó Pau Kubarí, este chaval de tan solo 17 años. Saque de banda otra vez para el equipo de blanco.","eleva ese balón hasta la zona ancha del terreno de juego."" Tocó Pau Kubarí, este chaval de tan solo 17 años. Saque de banda otra vez para el equipo de blanco.",partido,
148,00:18:20,1100,Sin tiempo para la Truga en estos 16 minutos. El Real Madrid que quiere mantener su hegemonía y el Fútbol Club Barcelona que se la quiere arrebatar,Sin tiempo para la Truga en estos 16 minutos. El Real Madrid que quiere mantener su hegemonía y el Fútbol Club Barcelona que se la quiere arrebatar,partido,
149,00:18:29,1109,ahora que está volviendo a ilusionar a su parroquia. Falta,ahora que está volviendo a ilusionar a su parroquia. Falta,partido,
150,00:18:36,1116,parece de Mar Casadó y pide calma Sánchez Martínez.,parece de Mar Casadó y pide calma Sánchez Martínez.,partido,
151,00:18:39,1119,"Sí, muevemente el árbitro, pero bueno, yo creo que Casad tampoco tampoco hace tanto como para llevarse esa bronca.","Sí, muevemente el árbitro, pero bueno, yo creo que Casad tampoco tampoco hace tanto como para llevarse esa bronca.",partido,
152,00:18:47,1127,"Mira, Jordi, no ha pasado nada. El partido relevante porque fue casi todas las acciones fuera de juego, pero la sensación de que va a pasar algo, ¿verdad? De que la mecha se enciende en","Mira, Jordi, no ha pasado nada. El partido relevante porque fue casi todas las acciones fuera de juego, pero la sensación de que va a pasar algo, ¿verdad? De que la mecha se enciende en",partido,
153,00:18:55,1135,"cualquier momento. Mecha futbolística, mecha deportiva, mecha de protestas, mecha de polémica, pero van a pasar cosas.","cualquier momento. Mecha futbolística, mecha deportiva, mecha de protestas, mecha de polémica, pero van a pasar cosas.",partido,
154,00:19:03,1143,"Rafiña ha metido el pase, falta de Militao, lo envía. Controla ahora Alejandro Valde. Valde esperando a que","Rafiña ha metido el pase, falta de Militao, lo envía. Controla ahora Alejandro Valde. Valde esperando a que",partido,
155,00:19:11,1151,"Rafiña se pueda reincorporar. Ahí le tenemos de nuevo. Se ha levantado bastante rápido, por eso el público le silva. Iñigo Martínez atrás. 17 minutos de la primera parte. Ahí tenemos la acción de Militao.","Rafiña se pueda reincorporar. Ahí le tenemos de nuevo. Se ha levantado bastante rápido, por eso el público le silva. Iñigo Martínez atrás. 17 minutos de la primera parte. Ahí tenemos la acción de Militao.",partido,
156,00:19:21,1161,"Bueno, le toca por detrás y cae, pero exagera también Rafiña. Balón en vivo para que se la pueda llevar Lucas Vázquez. con F de Valverde. Exteriorazo","Bueno, le toca por detrás y cae, pero exagera también Rafiña. Balón en vivo para que se la pueda llevar Lucas Vázquez. con F de Valverde. Exteriorazo",partido,
157,00:19:30,1170,de F de Valverde para intentar encontrar a Vinicius. Ahora arma la conducción Juncundé por el costado derecho.,de F de Valverde para intentar encontrar a Vinicius. Ahora arma la conducción Juncundé por el costado derecho.,partido,
158,00:19:36,1176,Excursiones Kunde para meter ese balón hacia Marcasado. Otra de las perras de la masía del Fútbol Club Barcelona en cortito no va a dejar el balón a Pedri.,Excursiones Kunde para meter ese balón hacia Marcasado. Otra de las perras de la masía del Fútbol Club Barcelona en cortito no va a dejar el balón a Pedri.,partido,
159,00:19:43,1183,Se pone ya de cara ahí está Marcasadó golpeando para Rafiña que parece que no está en fuera de juego. Se aproxima también Balde para secundarle. Lucas,Se pone ya de cara ahí está Marcasadó golpeando para Rafiña que parece que no está en fuera de juego. Se aproxima también Balde para secundarle. Lucas,partido,
160,00:19:51,1191,Vázquez en la presión. Valde que recibe de espaldas a puerta. Le está persiguiendo Shot Bellingham. Recupera Feed de Valverde. Ahí mete la directa,Vázquez en la presión. Valde que recibe de espaldas a puerta. Le está persiguiendo Shot Bellingham. Recupera Feed de Valverde. Ahí mete la directa,partido,
161,00:19:59,1199,"providencial Pedri con inteligencia defensiva para ir al suelo y robarle ese balón. Marcas, qué pase, qué despeje de","providencial Pedri con inteligencia defensiva para ir al suelo y robarle ese balón. Marcas, qué pase, qué despeje de",partido,
162,00:20:06,1206,"Rudiger. Balón de Pedri. ¿Cómo está el partido? Pedri a la derecha para la Viña Baal desde el costado derecho, prácticamente en el vértice del área.","Rudiger. Balón de Pedri. ¿Cómo está el partido? Pedri a la derecha para la Viña Baal desde el costado derecho, prácticamente en el vértice del área.",partido,
163,00:20:15,1215,Sigue siendo el clásico de la Liga este para Juscundé. Juscundé con la Miña mal.,Sigue siendo el clásico de la Liga este para Juscundé. Juscundé con la Miña mal.,partido,
164,00:20:20,1220,La miña mal exterior. Ahí se ha sobrado un poquito la miña mal. Acaba despejando Rudiger. Mete la cabeza,La miña mal exterior. Ahí se ha sobrado un poquito la miña mal. Acaba despejando Rudiger. Mete la cabeza,partido,
165,00:20:27,1227,"Kubarí. Se la lleva a Juscundé y ahora como antes Pedro que bien Camadinga, no solo eso, sino que se ha girado y le caza Fermín por atrás.","Kubarí. Se la lleva a Juscundé y ahora como antes Pedro que bien Camadinga, no solo eso, sino que se ha girado y le caza Fermín por atrás.",partido,
166,00:20:35,1235,"Son los dos equipos que más adelantadas tiene la defensa, Jordi. Por eso se aspiran los espacios, o sea, unos a otros, ¿eh? Y estamos viendo duelos","Son los dos equipos que más adelantadas tiene la defensa, Jordi. Por eso se aspiran los espacios, o sea, unos a otros, ¿eh? Y estamos viendo duelos",partido,
167,00:20:44,1244,"individuales, acciones de altísimo impacto, de de máxima intensidad. el partido sin haber ocasiones tras guapísimo. Corre Mbappé. ¿Dónde ha idoquip Peña?","individuales, acciones de altísimo impacto, de máxima intensidad. el partido sin haber ocasiones tras guapísimo. Corre Mbappé. ¿Dónde ha idoquip Peña?",partido,
168,00:20:53,1253,Vamos a ver Killan. Mbappé esperando para recortar. Vamos a ver para qué le va a dejar el balón a Vinicius. Vinicius tiene la oportunidad. No me lo puedo creer. Había fuera de juego. Había fuera,Vamos a ver Killan. Mbappé esperando para recortar. Vamos a ver para qué le va a dejar el balón a Vinicius. Vinicius tiene la oportunidad. No me lo puedo creer. Había fuera de juego. Había fuera,partido,
169,00:21:02,1262,"de juego. El árbitro ha hecho lo que debe de hacer, es decir, esperar aunque haya visto que es fuera de juego, que es","de juego. El árbitro ha hecho lo que debe de hacer, es decir, esperar aunque haya visto que es fuera de juego, que es",partido,
170,00:21:09,1269,"bastante claro, por cierto. Ahí lo tenemos, porque Lewandowski se mueve, Kubarí se mueve hacia adentro. Pues hay que esperar a que acabe la acción. Y si","bastante claro, por cierto. Ahí lo tenemos, porque Lewandowski se mueve, Kubarí se mueve hacia adentro. Pues hay que esperar a que acabe la acción. Y si",partido,
171,00:21:18,1278,"marca eh Vinicius y no hay fuera de juego, por eso se espera.","marca eh Vinicius y no hay fuera de juego, por eso se espera.",partido,
172,00:21:23,1283,"Y espectacular la imagen que nos compañeros como Kubarsí aguanta el equilibrio para no entrar en fuera de juego, la línea que le marca Iñigo y un","Y espectacular la imagen que nos compañeros como Kubarsí aguanta el equilibrio para no entrar en fuera de juego, la línea que le marca Iñigo y un",partido,
173,00:21:32,1292,"pero el ataque del Real Madrid un pero corregible. Los desmarques siempre suelen ser mejor por adante la defensa, Jordi, porque así sabe dónde está la","pero el ataque del Real Madrid un pero corregible. Los desmarques siempre suelen ser mejor por adante la defensa, Jordi, porque así sabe dónde está la",partido,
174,00:21:40,1300,defensa. O en el caso de Barça por detrás de medio campo si tiene luego muchos metros para para atacar el espacio.,defensa. O en el caso de Barça por detrás de medio campo si tiene luego muchos metros para para atacar el espacio.,partido,
175,00:21:48,1308,"Bueno, ahora hay discusión por dónde debe ponerse el balón en circulación y tenemos al capitán Rafiña hablando con Sandia Martínez y Vinicius","Bueno, ahora hay discusión por dónde debe ponerse el balón en circulación y tenemos al capitán Rafiña hablando con Sandia Martínez y Vinicius",partido,
176,00:21:56,1316,"que le está diciendo, ""Por favor que me estás cortando el rollo."" Juega otra vez Iñaki Peña. 20 minutos de la primera parte con 0-0. Vaya pase de Ñakiqui","que le está diciendo, ""Por favor que me estás cortando el rollo."" Juega otra vez Iñaki Peña. 20 minutos de la primera parte con 0-0. Vaya pase de Ñakiqui",partido,
177,00:22:04,1324,"Peña, ahora hacia Paco Barí. Saque de banda para el equipo blanco. Iñaki Peña no tuvo del todo fino. Va a ser Camavinga el jugador que ponga de nuevo","Peña, ahora hacia Paco Barí. Saque de banda para el equipo blanco. Iñaki Peña no tuvo del todo fino. Va a ser Camavinga el jugador que ponga de nuevo",partido,
178,00:22:13,1333,el balón en circulación este con Rudiger. Rudiger desde la línea divisoria a la espalda de la defensa.,el balón en circulación este con Rudiger. Rudiger desde la línea divisoria a la espalda de la defensa.,partido,
179,00:22:19,1339,Jud Bellingham adelantado. Intenta bajar el balón el jugador inglés. Otro fuera de juego del equipo blanco. Tirando bien la defensa al Barça.,Jud Bellingham adelantado. Intenta bajar el balón el jugador inglés. Otro fuera de juego del equipo blanco. Tirando bien la defensa al Barça.,partido,
180,00:22:27,1347,"Muy bien, muy coordinada. O sea, esto no es casualidad, esto hay un trabajo y sobre todo hay una jerarquía de Ñigo Martínez y una confianza en en hacerlo","Muy bien, muy coordinada. O sea, esto no es casualidad, esto hay un trabajo y sobre todo hay una jerarquía de Ñigo Martínez y una confianza en en hacerlo",partido,
181,00:22:35,1355,"porque resultados son buenos. Fíjate, 4-0 en fuera de juegos. Y lo que hablábamos de Ñakiqui Peña, cuando juega Terestegen no le va a presionar nadie porque Terestegen te pasa líneas de","porque resultados son buenos. Fíjate, 4-0 en fuera de juegos. Y lo que hablábamos de Ñakiqui Peña, cuando juega Terestegen no le va a presionar nadie porque Terestegen te pasa líneas de",partido,
182,00:22:43,1363,pase. Él él te da pases que sobrepasan líneas Iñaki no. Por eso le van a presionar porque entiende que es una posibilidad de robar todo el que balón,pase. Él él te da pases que sobrepasan líneas Iñaki no. Por eso le van a presionar porque entiende que es una posibilidad de robar todo el que balón,partido,
183,00:22:51,1371,se haga sucio de sus pies. Con el balón en posición de lateral para meter ese balón hacia Robert Lewandowski. La deja pasar Rafiña tocando de primera buscando,se haga sucio de sus pies. Con el balón en posición de lateral para meter ese balón hacia Robert Lewandowski. La deja pasar Rafiña tocando de primera buscando,partido,
184,00:22:59,1379,"Fermín. La velocidad de Fermín, pero también la velocidad de Rudiger. Se equivocó la Miña mal. La Miña mal recorta, deja atrás a Rudiger. Balón para Rafiña que va a girar para meter el pase a Alejandro Valde o para disparar.","Fermín. La velocidad de Fermín, pero también la velocidad de Rudiger. Se equivocó la Miña mal. La Miña mal recorta, deja atrás a Rudiger. Balón para Rafiña que va a girar para meter el pase a Alejandro Valde o para disparar.",partido,
185,00:23:09,1389,"Tenía pase a Valde, pero Rafiña ha buscado el disparo desde la frontal del área. Rafiña que está en forma y se está","Tenía pase a Valde, pero Rafiña ha buscado el disparo desde la frontal del área. Rafiña que está en forma y se está",partido,
186,00:23:17,1397,justificando. Error de Rudiger. Acierto de la Miña mal. Y ese baile con el balón de Rafiña. Yo creo que ha habido un,justificando. Error de Rudiger. Acierto de la Miña mal. Y ese baile con el balón de Rafiña. Yo creo que ha habido un,partido,
187,00:23:25,1405,momento que Lucas Vázquez se va y ahí ve el espacio y busca el disparo porque es que todo el mundo estaba esperando el pase. Yo creo que Flick también.,momento que Lucas Vázquez se va y ahí ve el espacio y busca el disparo porque es que todo el mundo estaba esperando el pase. Yo creo que Flick también.,partido,
188,00:23:33,1413,"Todo el mundo, yo creo. Sí, sí, creo lo que están hablando y qué diferente, ¿no? El Real Madrid, mucho","Todo el mundo, yo creo. Sí, sí, creo lo que están hablando y qué diferente, ¿no? El Real Madrid, mucho",partido,
189,00:23:40,1420,"pase largo en reinicios, eh, todo intentando buscar la espalda defensa y el Barça a través de toques cortos.","pase largo en reinicios, eh, todo intentando buscar la espalda defensa y el Barça a través de toques cortos.",partido,
190,00:23:47,1427,"Ojo a Tubarí que ha placado ahí a Vinicius. Se la ha jugado, eh, Paco Garcí, evidentemente quiere medir el listón de la primera cartolina amarilla","Ojo a Tubarí que ha placado ahí a Vinicius. Se la ha jugado, eh, Paco Garcí, evidentemente quiere medir el listón de la primera cartolina amarilla",partido,
191,00:23:55,1435,"del partido. Bueno, le pone el brazo derecho en el hombre, en el hombro. Es falta y punto. 21 para 22. Juega de","del partido. Bueno, le pone el brazo derecho en el hombre, en el hombro. Es falta y punto. 21 para 22. Juega de",partido,
192,00:24:02,1442,"nuevo el equipo blanco. Ha cometido ya seis faltas el Fútbol Club Barcelona, solo una el Real Madrid. Toca Vinicius.","nuevo el equipo blanco. Ha cometido ya seis faltas el Fútbol Club Barcelona, solo una el Real Madrid. Toca Vinicius.",partido,
193,00:24:10,1450,Balón para Chení. Cómo está jugando el equipo blanco. Vinicius a la carrera.,Balón para Chení. Cómo está jugando el equipo blanco. Vinicius a la carrera.,partido,
194,00:24:13,1453,Ahí tenemos al futuro balón de Oro recortando y enviando el balón fuera.,Ahí tenemos al futuro balón de Oro recortando y enviando el balón fuera.,partido,
195,00:24:17,1457,"Impresionante, increíble que el partido esté todavía 0 a0, porque esto aquí no defiende absolutamente nadie o","Impresionante, increíble que el partido esté todavía 0 a0, porque esto aquí no defiende absolutamente nadie o",partido,
196,00:24:26,1466,prácticamente nadie. Vemos la acción en carrera de Vinicius. Mbappé que se se esperaba también tira el desmarque. Es que yo creo que si le deja el balón a,prácticamente nadie. Vemos la acción en carrera de Vinicius. Mbappé que se se esperaba también tira el desmarque. Es que yo creo que si le deja el balón a,partido,
197,00:24:34,1474,"Mbappé, claro, es gol.","Mbappé, claro, es gol.",partido,
198,00:24:36,1476,"Sí, ya pasó en Vigo con Belgan que Vinicius pues aquí no levanta la cabeza, ¿eh? Y luego la definición no es buena","Sí, ya pasó en Vigo con Belgan que Vinicius pues aquí no levanta la cabeza, ¿eh? Y luego la definición no es buena",partido,
199,00:24:45,1485,"del todo. Claro, eh, la pausa en el área que Vinicius lo hace todo rápido, si es capaz en el área de tener pausa,","del todo. Claro, eh, la pausa en el área que Vinicius lo hace todo rápido, si es capaz en el área de tener pausa,",partido,
200,00:24:52,1492,"le avantar la cabeza, muchas veces como atrae a tantos jugadores tiene alguno libre, pero no sería Vinicius.","le avantar la cabeza, muchas veces como atrae a tantos jugadores tiene alguno libre, pero no sería Vinicius.",partido,
201,00:24:59,1499,Pedri ha recibido un golpe en el tobillo en la anterior acción donde dejó seguir el árbitro Sánchez Martínez. Esperemos que no sea nada grave ahí en el peroné.,Pedri ha recibido un golpe en el tobillo en la anterior acción donde dejó seguir el árbitro Sánchez Martínez. Esperemos que no sea nada grave ahí en el peroné.,partido,
202,00:25:08,1508,Zona absolutamente dolorosa. Ahí vamos a ver la acción. repetida. Primero toca el jugador del Real Madrid y un pisotón de,Zona absolutamente dolorosa. Ahí vamos a ver la acción. repetida. Primero toca el jugador del Real Madrid y un pisotón de,partido,
203,00:25:16,1516,Chuamení y se le dobla hacia dentro. Ahí vemos como Pedri acaba recibiendo el pisotón.,Chuamení y se le dobla hacia dentro. Ahí vemos como Pedri acaba recibiendo el pisotón.,partido,
204,00:25:23,1523,"Quiere ira por el balón Chuamení, pero llega antes Pedri y el P lo tiene lanzado Choamí, es por eso que le pisa","Quiere ira por el balón Chuamení, pero llega antes Pedri y el P lo tiene lanzado Choamí, es por eso que le pisa",partido,
205,00:25:31,1531,"Pedri que se queja al colegiado. Ha arriesgado Chomerí. Lo mejor para el fútbol club Barcelona es que Pedri, que lo está flipando el dolor y porque el","Pedri que se queja al colegiado. Ha arriesgado Chomerí. Lo mejor para el fútbol club Barcelona es que Pedri, que lo está flipando el dolor y porque el",partido,
206,00:25:40,1540,"árbitro no ha señalado absolutamente nada, pero viendo la repetición yo creo que no se ha equivocado, ¿no?","árbitro no ha señalado absolutamente nada, pero viendo la repetición yo creo que no se ha equivocado, ¿no?",partido,
207,00:25:45,1545,"Bueno, si lo hubiera visto como nosotros igual sí que pero directo.","Bueno, si lo hubiera visto como nosotros igual sí que pero directo.",partido,
208,00:25:49,1549,"Claro, claro. Es que nosotros lo vemos justo en el momento exacto con la cámara enfocando en directo. Ese balón ya se había ido. Jordi, me preocupaba el","Claro, claro. Es que nosotros lo vemos justo en el momento exacto con la cámara enfocando en directo. Ese balón ya se había ido. Jordi, me preocupaba el",partido,
209,00:25:57,1557,"gesto, el tobillo de de Pedri porque, a ver, eh, ahora mismo en caliente, pero al descanso se le pondrá un poquito","gesto, el tobillo de Pedri porque, a ver, eh, ahora mismo en caliente, pero al descanso se le pondrá un poquito",partido,
210,00:26:04,1564,"morado, un poquito hinchado. Un S15 tiene grado seguramente no no alto, pero ahí sí que tienes un S1. Lo que pasa que estos jugadores tienen los tobios tan","morado, un poquito hinchado. Un S15 tiene grado seguramente no no alto, pero ahí sí que tienes un S1. Lo que pasa que estos jugadores tienen los tobios tan",partido,
211,00:26:12,1572,"laxos, tienen los ligamentos, bueno, por eso son deportistas, ¿no?, de élite, de máximo nivel.","laxos, tienen los ligamentos, bueno, por eso son deportistas, ¿no?, de élite, de máximo nivel.",partido,
212,00:26:18,1578,"Y además Fedri, jugador liviano, 23 para 24. La noticia es que el clásico está empatado a cero. Qué buena la acción","Y además Fedri, jugador liviano, 23 para 24. La noticia es que el clásico está empatado a cero. Qué buena la acción",partido,
213,00:26:26,1586,"ahora de Camavinga. La posición para el Barça, 53% pero no muy destacada por un 47 del equipo blanco. Mensajes para","ahora de Camavinga. La posición para el Barça, 53% pero no muy destacada por un 47 del equipo blanco. Mensajes para",partido,
214,00:26:34,1594,Esteban @esteban1unoportero @esteban1unoportero a través de Twitter.,Esteban @esteban1unoportero @esteban1unoportero a través de Twitter.,partido,
215,00:26:39,1599,La red actualmente denominada X. El mensaje es para mi persona. @jordipons-@jordipons-bajo.,La red actualmente denominada X. El mensaje es para mi persona. @jordipons-@jordipons-bajo.,partido,
216,00:26:45,1605,"Balón largo hacia Jud Bellingham. Va a llegar sin ningún tipo de problema Ñigo Martínez. Bellingham, que si quiere, estoy convencido, reivindicar en el partido de hoy. Ojo la caída ahora de","Balón largo hacia Jud Bellingham. Va a llegar sin ningún tipo de problema Ñigo Martínez. Bellingham, que si quiere, estoy convencido, reivindicar en el partido de hoy. Ojo la caída ahora de",partido,
217,00:26:54,1614,Chuamení con la falta de Mar Casadó que ha volado también por los aires y ha desequilibrado a Choameni justo cuando,Chuamení con la falta de Mar Casadó que ha volado también por los aires y ha desequilibrado a Choameni justo cuando,partido,
218,00:27:02,1622,estaba en el aire. Ahí le ve venir y cómo le pone la espalda. Es falta clara.,estaba en el aire. Ahí le ve venir y cómo le pone la espalda. Es falta clara.,partido,
219,00:27:06,1626,Le ha puesto la camita para que se dé de bruces con el verde en vivo de nuevo.,Le ha puesto la camita para que se dé de bruces con el verde en vivo de nuevo.,partido,
220,00:27:12,1632,Kilian Mbappé. Piden fuera de juego los jugadores del Barça. Tenemos a Camavinga.,Kilian Mbappé. Piden fuera de juego los jugadores del Barça. Tenemos a Camavinga.,partido,
221,00:27:18,1638,Y ahora el fuera de juego. De nuevo el fuera de juego porque Kilian Mbappé vuelve a quedar retratado. Creo que es,Y ahora el fuera de juego. De nuevo el fuera de juego porque Kilian Mbappé vuelve a quedar retratado. Creo que es,partido,
222,00:27:26,1646,"el quinto fuera de juego. La ansiedad de Kilian Mbappé por meterla dentro. Eh, sí, siempre eh si te das cuenta nunca","el quinto fuera de juego. La ansiedad de Kilian Mbappé por meterla dentro. Eh, sí, siempre eh si te das cuenta nunca",partido,
223,00:27:32,1652,"está mirando eh o está intentando atacar por delante de eh bueno, hacer una pequeña circunferencia para para evitar","está mirando eh o está intentando atacar por delante de eh bueno, hacer una pequeña circunferencia para para evitar",partido,
224,00:27:41,1661,"el fuera de juego, ¿no? En posición de de los defens. Sin embargo, Kubarcí, que suele ser que está por detrás, es el que mantiene la línea. Kubarí se ve a sus compañeros y ese que toma la decisión de arriesgar.","el fuera de juego, ¿no? En posición de los defens. Sin embargo, Kubarcí, que suele ser que está por detrás, es el que mantiene la línea. Kubarí se ve a sus compañeros y ese que toma la decisión de arriesgar.",partido,
225,00:27:51,1671,Robert Lewandowski casi sin querer se ha llevado ese balón con una espaldilla involuntaria. Robert Lewandowski en el,Robert Lewandowski casi sin querer se ha llevado ese balón con una espaldilla involuntaria. Robert Lewandowski en el,partido,
226,00:27:58,1678,"eh agarrón ahí de Rudiger se queja Robert Lewandowski también agarra la minamala Camavinga, se va al suelo. Es espectacular impresionante el ritmo, el","eh agarrón ahí de Rudiger se queja Robert Lewandowski también agarra la minamala Camavinga, se va al suelo. Es espectacular impresionante el ritmo, el",partido,
227,00:28:07,1687,"nivel, la ambición, el hambre que tienen los unos y los otros. De momento sin goles, 25 para 26. Agarrón de Paco Barsí para Vinicius. Vinicius que se quejaba, se activa de nuevo en Yaqui Peña","nivel, la ambición, el hambre que tienen los unos y los otros. De momento sin goles, 25 para 26. Agarrón de Paco Barsí para Vinicius. Vinicius que se quejaba, se activa de nuevo en Yaqui Peña",partido,
228,00:28:15,1695,"saliendo para tocar ese balón con la pierna derecha. Saque de banda para el Real Madrid. Tercera vez le está diciendo Vinicius, eh, que le agarra a","saliendo para tocar ese balón con la pierna derecha. Saque de banda para el Real Madrid. Tercera vez le está diciendo Vinicius, eh, que le agarra a",partido,
229,00:28:24,1704,"Kubarsí. Ahí se quejaba Vinicius, se ha ido a reclamarle al árbitro. Le sigue reclamando. Y Sánchez Martínez, que le está diciendo que se dedique a jugar.","Kubarsí. Ahí se quejaba Vinicius, se ha ido a reclamarle al árbitro. Le sigue reclamando. Y Sánchez Martínez, que le está diciendo que se dedique a jugar.",partido,
230,00:28:33,1713,Balón para Jot Bellingham. Vamos a ver la posición de J Bingham otra vez a la espalda de la defensa dentro del área.,Balón para Jot Bellingham. Vamos a ver la posición de J Bingham otra vez a la espalda de la defensa dentro del área.,partido,
231,00:28:38,1718,"Se le ha ido un poquito el control, se le ha ido un poquito bastante el control a Jud Bellingham y ese gesto de Paco Garcí, ese gesto también de Jud","Se le ha ido un poquito el control, se le ha ido un poquito bastante el control a Jud Bellingham y ese gesto de Paco Garcí, ese gesto también de Jud",partido,
232,00:28:46,1726,"Bellingham. Son rivales pero son deportistas. que le ha dado la mano y vamos a ver la posición de shoot Bellingham, no sé si yo creo que posiblemente estaba también en fuera de","Bellingham. Son rivales pero son deportistas. que le ha dado la mano y vamos a ver la posición de shoot Bellingham, no sé si yo creo que posiblemente estaba también en fuera de",partido,
233,00:28:54,1734,juego. Y Bellingham ahí que no calcula bien y después se resbala en la segunda superficie.,juego. Y Bellingham ahí que no calcula bien y después se resbala en la segunda superficie.,partido,
234,00:28:59,1739,"Sí, porque va con taco de aluminio y la el sintético resbala. Me parece muy importante lo que hizo Bellingan ahora.","Sí, porque va con taco de aluminio y la el sintético resbala. Me parece muy importante lo que hizo Bellingan ahora.",partido,
235,00:29:05,1745,Valde en largo para Rafiña. Va a salir para atrapar el balón sin demasiados problemas a Andril Lun que la deja ya para Mende.,Valde en largo para Rafiña. Va a salir para atrapar el balón sin demasiados problemas a Andril Lun que la deja ya para Mende.,partido,
236,00:29:13,1753,"Te decía, sobre todo Bellinga y Valverde desde segunda línea entrar a la línea de de fuera de juego desde atrás. Mejor a","Te decía, sobre todo Bellinga y Valverde desde segunda línea entrar a la línea de fuera de juego desde atrás. Mejor a",partido,
237,00:29:21,1761,lo mejor que Mbappé Vinicius que está muy muy al límite y encima están entrando en posición antirreglamentar.,lo mejor que Mbappé Vinicius que está muy muy al límite y encima están entrando en posición antirreglamentar.,partido,
238,00:29:26,1766,"Otra recuperación para el Barcelona con la Minamal cayendo desde el costado derecho. La falta de Vinicius cuando un jugador señala el balón es que ha tocado balón, pero ha tocado también algo más.","Otra recuperación para el Barcelona con la Minamal cayendo desde el costado derecho. La falta de Vinicius cuando un jugador señala el balón es que ha tocado balón, pero ha tocado también algo más.",partido,
239,00:29:36,1776,"La falta me parece bastante clara ahora sobre Marcasado, 21 años, el jugador nacido en San Pier Vilamor. Ahí tenemos","La falta me parece bastante clara ahora sobre Marcasado, 21 años, el jugador nacido en San Pier Vilamor. Ahí tenemos",partido,
240,00:29:43,1783,"la acción repetida. Bueno, creo que incluso no llega a tocar el balón en vivo de nuevo. Marcas con el 17 a la espalda, 21 años, séptima titularidad en","la acción repetida. Bueno, creo que incluso no llega a tocar el balón en vivo de nuevo. Marcas con el 17 a la espalda, 21 años, séptima titularidad en",partido,
241,00:29:52,1792,la liga. Fermín salva la acción de Camavinga. La Minal entregando el cuero para Pedri. Recuperado del pisotón que ha recibido Pedri a la izquierda para,la liga. Fermín salva la acción de Camavinga. La Minal entregando el cuero para Pedri. Recuperado del pisotón que ha recibido Pedri a la izquierda para,partido,
242,00:30:01,1801,"Alejandro Balde. Balde en el pico del área. Ahí le cierran bien el espacio, pero Pedri tiene opción de disparo.","Alejandro Balde. Balde en el pico del área. Ahí le cierran bien el espacio, pero Pedri tiene opción de disparo.",partido,
243,00:30:07,1807,Lurin para don Rafiña y si no llega Milit hubiera marcado Fermino Robert Lewandowski.,Lurin para don Rafiña y si no llega Milit hubiera marcado Fermino Robert Lewandowski.,partido,
244,00:30:14,1814,"Disparo potentísimo de Pedri. Y qué bien ha atajado el guardameta del Real Madrid con ese golpeo durísimo, seco con ambas","Disparo potentísimo de Pedri. Y qué bien ha atajado el guardameta del Real Madrid con ese golpeo durísimo, seco con ambas",partido,
245,00:30:22,1822,"manos, aguantando el trallazo de Pedri Lunen. Es muy difícil ese balón. Se va moviendo mucho Jordi. Sabes que no vas a","manos, aguantando el trallazo de Pedri Lunen. Es muy difícil ese balón. Se va moviendo mucho Jordi. Sabes que no vas a",partido,
246,00:30:30,1830,poder blocarlo y tienes que intentar desviarlo hacia un lado. Muy bien. Y luego otra vez Militao. Factor corrector de Militao importante.,poder blocarlo y tienes que intentar desviarlo hacia un lado. Muy bien. Y luego otra vez Militao. Factor corrector de Militao importante.,partido,
247,00:30:38,1838,Se ha servido ya el saque de esquina.,Se ha servido ya el saque de esquina.,partido,
248,00:30:39,1839,"Rodiger para despejar ese balón. Pedri se hace con el cuero, también con D. Pedri cerca de la frontal del área.","Rodiger para despejar ese balón. Pedri se hace con el cuero, también con D. Pedri cerca de la frontal del área.",partido,
249,00:30:44,1844,"Balón colgado para Balde. Hay un pequeño empujón sobre Lucas Vázquez. Se la lleva Rafiña. Rafiña, Rafiña para meter ese balón. Salta Ñigo a la azotea de la portería.","Balón colgado para Balde. Hay un pequeño empujón sobre Lucas Vázquez. Se la lleva Rafiña. Rafiña, Rafiña para meter ese balón. Salta Ñigo a la azotea de la portería.",partido,
250,00:30:55,1855,"Es un estrés de partido tremendo. 28 minutos y medio. Pásame una de esas bolas que te han dado al 103, ¿eh? 24","Es un estrés de partido tremendo. 28 minutos y medio. Pásame una de esas bolas que te han dado al 103, ¿eh? 24",partido,
251,00:31:03,1863,"está jugando. Es una delicia de partido, amigo. Es una delicia de partido, amiga.","está jugando. Es una delicia de partido, amigo. Es una delicia de partido, amiga.",partido,
252,00:31:07,1867,A través de la señal internacional de la Liga. Jugando el equipo blanco. Fede de Valverde. Parece que el equipo blanco ahora le quiere bajar un poquito las revoluciones al partido. Se quejaba Fede,A través de la señal internacional de la Liga. Jugando el equipo blanco. Fede de Valverde. Parece que el equipo blanco ahora le quiere bajar un poquito las revoluciones al partido. Se quejaba Fede,partido,
253,00:31:16,1876,de Valverde. Tenemos al Barça eh presionando en la primera línea de creación del Real Madrid. Balón que puede llegar a Vinicius y Paukuarsí que,de Valverde. Tenemos al Barça eh presionando en la primera línea de creación del Real Madrid. Balón que puede llegar a Vinicius y Paukuarsí que,partido,
254,00:31:24,1884,"está desquiciando al astro brasileño que sigue encarándose con el árbitro. Sí, está ganándole los duelos individuales","está desquiciando al astro brasileño que sigue encarándose con el árbitro. Sí, está ganándole los duelos individuales",partido,
255,00:31:32,1892,"de manera reglamentaria o incluso antirreglamentaria, pero está desquiciando a Vinicius, aunque Vinicius necesita poco para meterse en el partido, ¿eh?","de manera reglamentaria o incluso antirreglamentaria, pero está desquiciando a Vinicius, aunque Vinicius necesita poco para meterse en el partido, ¿eh?",partido,
256,00:31:41,1901,"Sí, alucinante el salto, la potencia de salto de Iñigo Martínez. Vemos ahí a Pedrie, como se encara también con","Sí, alucinante el salto, la potencia de salto de Iñigo Martínez. Vemos ahí a Pedrie, como se encara también con",partido,
257,00:31:49,1909,Vinicius. 29 minutos y medio. La Miña Mal tiene que retroceder para que pueda,Vinicius. 29 minutos y medio. La Miña Mal tiene que retroceder para que pueda,partido,
258,00:31:55,1915,poner el balón en circulación ahora Mendy mientras vemos la acción repetida entre Casadó y Vinicius. Balón largo hacia el costado derecho para Lucas,poner el balón en circulación ahora Mendy mientras vemos la acción repetida entre Casadó y Vinicius. Balón largo hacia el costado derecho para Lucas,partido,
259,00:32:04,1924,Vázquez. Le pasa por detrás Jud Bellingham. Balón filtrado. Es bueno. Vamos a ver. Esquilia de Mbappé.,Vázquez. Le pasa por detrás Jud Bellingham. Balón filtrado. Es bueno. Vamos a ver. Esquilia de Mbappé.,partido,
260,00:32:11,1931,"Qué bueno, qué bueno, qué bueno, qué bueno. Gol.","Qué bueno, qué bueno, qué bueno, qué bueno. Gol.",partido,
261,00:32:16,1936,Gol de Killan Mbappé. A los 30 minutos de la primera parte no había fuera de juego en,Gol de Killan Mbappé. A los 30 minutos de la primera parte no había fuera de juego en,partido,
262,00:32:25,1945,"esta oportunidad y a la sexta ha ídola vencida. Arriesga mucho el Barça, arriesga mucho el cuadro culé y Kilian","esta oportunidad y a la sexta ha ídola vencida. Arriesga mucho el Barça, arriesga mucho el cuadro culé y Kilian",partido,
263,00:32:32,1952,Mbappé marca a esta hora de la noche su primer gol en un clásico de la liga. Ha,Mbappé marca a esta hora de la noche su primer gol en un clásico de la liga. Ha,partido,
264,00:32:39,1959,"marcado Kilian Mbappé ese golpeo de vaselina, de vaselina, de vaselina para volar, para celebrar.","marcado Kilian Mbappé ese golpeo de vaselina, de vaselina, de vaselina para volar, para celebrar.",partido,
265,00:32:46,1966,"Y con ese Real Madrid 1, Fútbol Club Barcelona.","Y con ese Real Madrid 1, Fútbol Club Barcelona.",partido,
266,00:32:53,1973,"Sí, vamos a ver si la posición efectivamente no parece que es válida.","Sí, vamos a ver si la posición efectivamente no parece que es válida.",partido,
267,00:32:57,1977,"Tengo ahí está justo el asistente Iñigo Martínez, el hombro de Mbappé, pero la finalización, Jordi, es un jugador es fantástica","Tengo ahí está justo el asistente Iñigo Martínez, el hombro de Mbappé, pero la finalización, Jordi, es un jugador es fantástica",partido,
268,00:33:04,1984,"que cada vez eh máxima riesgo, máxima No sé si va a subir eh al Sí, tengo dudas del hombro izquierdo de de Kilian, eh.","que cada vez eh máxima riesgo, máxima No sé si va a subir eh al Sí, tengo dudas del hombro izquierdo de Kilian, eh.",partido,
269,00:33:13,1993,"Pues eh el silencio aterrador ahora en el estado de Santiago Bernabeo, porque se está revisando la acción","Pues eh el silencio aterrador ahora en el estado de Santiago Bernabeo, porque se está revisando la acción",partido,
270,00:33:20,2000,"y es fuera de juego, por eso el silencio aterrador. Y ahí tenemos a Mbappé. Sií, la definición es de es de lo que es Mbappé, una un fuera de serie.","y es fuera de juego, por eso el silencio aterrador. Y ahí tenemos a Mbappé. Sií, la definición es de es de lo que es Mbappé, una un fuera de serie.",partido,
271,00:33:29,2009,"Sí, sí, tal cual. De que tenía claro Iñaki Peña, si te fijas, casi siempre pone rodillas en el suelo. Jordi se","Sí, sí, tal cual. De que tenía claro Iñaki Peña, si te fijas, casi siempre pone rodillas en el suelo. Jordi se",partido,
272,00:33:37,2017,"intenta imitar a Terestegen, pero Terestegen creo que ocupa más espacio, más envergadura y yo creo que un estudio previo sobre Ñakiqui Peña, que Ñaki Peña","intenta imitar a Terestegen, pero Terestegen creo que ocupa más espacio, más envergadura y yo creo que un estudio previo sobre Ñakiqui Peña, que Ñaki Peña",partido,
273,00:33:45,2025,"suele agachar mucho por eso gesto de Barcelona, ¿no? Esto está preparado y defino así.","suele agachar mucho por eso gesto de Barcelona, ¿no? Esto está preparado y defino así.",partido,
274,00:33:52,2032,"Pues se ha salvado el primer gol el cuadro Blaugrana, pero ahí está el partido en esos pases para la espalda de","Pues se ha salvado el primer gol el cuadro Blaugrana, pero ahí está el partido en esos pases para la espalda de",partido,
275,00:34:01,2041,la defensa del Barça. Ahí lo vamos a ver el fuera de juego.,la defensa del Barça. Ahí lo vamos a ver el fuera de juego.,partido,
276,00:34:05,2045,"Y ahí se Sí, sí, es fuera de juego. Es fuera de juego por Bueno, medio cuerpo.","Y ahí se Sí, sí, es fuera de juego. Es fuera de juego por Bueno, medio cuerpo.",partido,
277,00:34:10,2050,"Sí, es por medio cuerpo.","Sí, es por medio cuerpo.",partido,
278,00:34:13,2053,"De ahí la la sincronización de los pasadores y de los receptores y también de los defensores. decir, ahí está, ahí","De ahí la la sincronización de los pasadores y de los receptores y también de los defensores. decir, ahí está, ahí",partido,
279,00:34:20,2060,está el clásico en clave blanca y en clave blaugrana en cuadre en clave culé a nivel defensivo cuando Rafiña ha ido,está el clásico en clave blanca y en clave blaugrana en cuadre en clave culé a nivel defensivo cuando Rafiña ha ido,partido,
280,00:34:27,2067,"por los suelos, se queja y después las recuperaciones tras pérdida del acierto en la punta del ataque para el Barça.","por los suelos, se queja y después las recuperaciones tras pérdida del acierto en la punta del ataque para el Barça.",partido,
281,00:34:34,2074,Ahí vemos como Lucas Vázquez también le hace la cama. No es un buen gesto de Lucas Vázquez sobre Rafiña que cae a plomo. Esto es en vivo. Paco Bí se ha,Ahí vemos como Lucas Vázquez también le hace la cama. No es un buen gesto de Lucas Vázquez sobre Rafiña que cae a plomo. Esto es en vivo. Paco Bí se ha,partido,
282,00:34:42,2082,equivocado en el control. Mbappé luchando y es Ñigo Martínez el último.,equivocado en el control. Mbappé luchando y es Ñigo Martínez el último.,partido,
283,00:34:47,2087,Juraría en tocar. Va a ser saque de esquina para el equipo blanco. Error ahora de Paco Orse.,Juraría en tocar. Va a ser saque de esquina para el equipo blanco. Error ahora de Paco Orse.,partido,
284,00:34:53,2093,"Profesión de riesgo ser defensa del Barça portero, ¿eh? Porque estás bajo un estrés 90 y pico minutos.","Profesión de riesgo ser defensa del Barça portero, ¿eh? Porque estás bajo un estrés 90 y pico minutos.",partido,
285,00:35:00,2100,Vinicius por el costado izquierdo.,Vinicius por el costado izquierdo.,partido,
286,00:35:02,2102,Aparece Fermín con ese P celebrando ese balón que acaba en la banda,Aparece Fermín con ese P celebrando ese balón que acaba en la banda,partido,
287,00:35:09,2109,reclamando de nuevo Vinicius. 32 para 33 y 0 a0. Es saque de banda para el equipo blanco.,reclamando de nuevo Vinicius. 32 para 33 y 0 a0. Es saque de banda para el equipo blanco.,partido,
288,00:35:16,2116,"Vemos ahí, bueno, parece que el último a tocar incluso ha sido el jugador brasileño. Y este es el error de Paco Barsí y cómo se activa Kilan Mbappé. Su","Vemos ahí, bueno, parece que el último a tocar incluso ha sido el jugador brasileño. Y este es el error de Paco Barsí y cómo se activa Kilan Mbappé. Su",partido,
289,00:35:24,2124,velocidad es centelle y otro jugador del Barça ahora es Robert Lewandowski el que se queja de un golpe en la en la espalda.,velocidad es centelle y otro jugador del Barça ahora es Robert Lewandowski el que se queja de un golpe en la en la espalda.,partido,
290,00:35:35,2135,Y Ancelotti mascando Chicle. Hans Flick siguiendo muy de cerca lo que está pasando y vamos a ver si Robert Lewandowski puede seguir porque se queja,Y Ancelotti mascando Chicle. Hans Flick siguiendo muy de cerca lo que está pasando y vamos a ver si Robert Lewandowski puede seguir porque se queja,partido,
291,00:35:42,2142,de la espalda y también de la nuca. Ahí vemos con Rudiger en ese choque y Lewandowski tendido en,de la espalda y también de la nuca. Ahí vemos con Rudiger en ese choque y Lewandowski tendido en,partido,
292,00:35:50,2150,"el terreno de de juego. La cara de Ancelotti, pero si no pasa nada, por favor, ¿qué está pasando aquí? Y Sánchez Martínez que ha ido hacia él. Claro,","el terreno de juego. La cara de Ancelotti, pero si no pasa nada, por favor, ¿qué está pasando aquí? Y Sánchez Martínez que ha ido hacia él. Claro,",partido,
293,00:35:59,2159,"Rudiger va con los brazos muy arriba, no se ve en la imagen si le acaba reando o choca a Robert Lewandowski. Pero ahí","Rudiger va con los brazos muy arriba, no se ve en la imagen si le acaba reando o choca a Robert Lewandowski. Pero ahí",partido,
294,00:36:07,2167,"vemos como Lewandowski ahora se lo sacaba encima con un contacto muy claro, con un empujón. Ahí hay saltando chispas","vemos como Lewandowski ahora se lo sacaba encima con un contacto muy claro, con un empujón. Ahí hay saltando chispas",partido,
295,00:36:14,2174,"porque hasta el momento Robert Lewandowski no ha podido rematar ni un solo balón en condiciones. Sí que tuvo una oportunidad, pero remató al aire. 34 minutos. Balde, Valde para Fermín.","porque hasta el momento Robert Lewandowski no ha podido rematar ni un solo balón en condiciones. Sí que tuvo una oportunidad, pero remató al aire. 34 minutos. Balde, Valde para Fermín.",partido,
296,00:36:26,2186,Aparece Militao. ¿Hasta dónde ha ido Militao para enviar ese balón a la banda?,Aparece Militao. ¿Hasta dónde ha ido Militao para enviar ese balón a la banda?,partido,
297,00:36:30,2190,"Es un partido también de controlar la la excitación, es decir, tienes que jugar con tensión. pero adecuada, ni por encima ni por debajo, porque si es por","Es un partido también de controlar la la excitación, es decir, tienes que jugar con tensión. pero adecuada, ni por encima ni por debajo, porque si es por",partido,
298,00:36:39,2199,debajo es un partido que te pasa por encima y si llevas muy por encima puedes acabar incluso el partido antes de tiempo porque te expulse.,debajo es un partido que te pasa por encima y si llevas muy por encima puedes acabar incluso el partido antes de tiempo porque te expulse.,partido,
299,00:36:46,2206,"El control de las emociones, 35 minutos desde Madrid para el mundo. Es el clásico de la liga. Balón que va a","El control de las emociones, 35 minutos desde Madrid para el mundo. Es el clásico de la liga. Balón que va a",partido,
300,00:36:54,2214,"llegar para Kilan Mbappé, pero tocóñico Martínez, Valde que recibe las instrucciones y Pedri ya carburando desde la zona del terreno de juego para","llegar para Kilan Mbappé, pero tocóñico Martínez, Valde que recibe las instrucciones y Pedri ya carburando desde la zona del terreno de juego para",partido,
301,00:37:02,2222,el cuadro. Protege el balón ante Vinicius.,el cuadro. Protege el balón ante Vinicius.,partido,
302,00:37:06,2226,"Rasía el cuero para Alejandro Valde, otra vez para el de Tegueste, presionado ahora por Choameri, Paco Barsí. Quizás","Rasía el cuero para Alejandro Valde, otra vez para el de Tegueste, presionado ahora por Choameri, Paco Barsí. Quizás",partido,
303,00:37:13,2233,"esto es lo que le conviene al fútbol Club Barcelona. Condé, falta de Camavinga, Condé de nuevo al suelo.","esto es lo que le conviene al fútbol Club Barcelona. Condé, falta de Camavinga, Condé de nuevo al suelo.",partido,
304,00:37:20,2240,Hasta el momento en la última cifra había hecho más faltas el Fútbol Club Barcelona que el Real Madrid. Pau Barcí,Hasta el momento en la última cifra había hecho más faltas el Fútbol Club Barcelona que el Real Madrid. Pau Barcí,partido,
305,00:37:28,2248,"ha salido mejor. El Real Madrid está generando más peligro el equipo blanco, pero está resistiendo el cuadro culé con","ha salido mejor. El Real Madrid está generando más peligro el equipo blanco, pero está resistiendo el cuadro culé con",partido,
306,00:37:35,2255,Balde agarrando Jud Bellingham y Pedri le echa un cable para recuperar balones.,Balde agarrando Jud Bellingham y Pedri le echa un cable para recuperar balones.,partido,
307,00:37:40,2260,Esto es otra de las cosas buenas de Pedri. A Bellingham ya le conocemos obviamente Pedri también si toca defender defiende. Camavinga por el,Esto es otra de las cosas buenas de Pedri. A Bellingham ya le conocemos obviamente Pedri también si toca defender defiende. Camavinga por el,partido,
308,00:37:48,2268,costado izquierdo. Vamos a ver incursión de Camavinga dentro del área. Balón atrás para Mendí.,costado izquierdo. Vamos a ver incursión de Camavinga dentro del área. Balón atrás para Mendí.,partido,
309,00:37:53,2273,Hay superioridad dentro del área del Fútbol Club Barcelona. Había fuera de juego. Vinicius intentando ahí una alambreta.,Hay superioridad dentro del área del Fútbol Club Barcelona. Había fuera de juego. Vinicius intentando ahí una alambreta.,partido,
310,00:38:01,2281,Ha intentado ahí Vinicius como Yalmiña en el Deportivo de La Caruña y así le ha quedado la cara a Vinicius después de intentar ese eh recurso.,Ha intentado ahí Vinicius como Yalmiña en el Deportivo de La Caruña y así le ha quedado la cara a Vinicius después de intentar ese eh recurso.,partido,
311,00:38:11,2291,"Sí, tengo la sensación de que bueno, viene de esta posición de fuera de juego que incluso Pinicius no quiere participar pero luego sigue, pero creo que no era el momento ni el sitio, ¿no?","Sí, tengo la sensación de que bueno, viene de esta posición de fuera de juego que incluso Pinicius no quiere participar pero luego sigue, pero creo que no era el momento ni el sitio, ¿no?",partido,
312,00:38:20,2300,Un dos contra uno para intentar esa esa acción técnica.,Un dos contra uno para intentar esa esa acción técnica.,partido,
313,00:38:26,2306,Va a llegar Chuamen hizo un taquel perfecto para enviar ese balón fuera de banda. 36 minutos de la primera parte.,Va a llegar Chuamen hizo un taquel perfecto para enviar ese balón fuera de banda. 36 minutos de la primera parte.,partido,
314,00:38:33,2313,"Se mantiene el 0-0. Había marcado Killer Mbappé, pero partía de posición de fuera de juego. Valde con Bellingham toca","Se mantiene el 0-0. Había marcado Killer Mbappé, pero partía de posición de fuera de juego. Valde con Bellingham toca",partido,
315,00:38:40,2320,Lucas Vázquez. Ahí demasiado largo ese balón. Saque de banda para el cuadro Cle con Balde en corto para Iñigo Martínez.,Lucas Vázquez. Ahí demasiado largo ese balón. Saque de banda para el cuadro Cle con Balde en corto para Iñigo Martínez.,partido,
316,00:38:49,2329,"este con Robert Lewandowski bilitado llevándoselo también por encima con ese golpe. Claro, es que Robert","este con Robert Lewandowski bilitado llevándoselo también por encima con ese golpe. Claro, es que Robert",partido,
317,00:38:57,2337,"Lewandowski lleva 12 goles, o sea, Robert Lewandowski debe entender que va a ser un jugador muy presionado, pero Militao ahí va con la rodilla sobre","Lewandowski lleva 12 goles, o sea, Robert Lewandowski debe entender que va a ser un jugador muy presionado, pero Militao ahí va con la rodilla sobre",partido,
318,00:39:06,2346,Robert Lewandowski y esta es la acción de de Rudiger que es un armario empotrado con ruedas sobre todo cuando eh estás parado y él viene con un poquito de velocidad.,Robert Lewandowski y esta es la acción de Rudiger que es un armario empotrado con ruedas sobre todo cuando eh estás parado y él viene con un poquito de velocidad.,partido,
319,00:39:15,2355,"La minña mal para golpear. Menudo efecto que llevaba el balón. Dice que saque de esquina el jugador de Mataró, el jugador","La minña mal para golpear. Menudo efecto que llevaba el balón. Dice que saque de esquina el jugador de Mataró, el jugador",partido,
320,00:39:22,2362,del Maresma. Vamos a ver porque la niña mal está intentando producir la acción desde ahí.,del Maresma. Vamos a ver porque la niña mal está intentando producir la acción desde ahí.,partido,
321,00:39:29,2369,No se ve si cambia de dirección el balón. Difícil de ver. Podría ser.,No se ve si cambia de dirección el balón. Difícil de ver. Podría ser.,partido,
322,00:39:35,2375,"No, no vamos a exigirle nosotros al árbitro que decida perfecto cuando yo no me atrevo a decir lo que ha pasado ahí, ¿verdad? De momento","No, no vamos a exigirle nosotros al árbitro que decida perfecto cuando yo no me atrevo a decir lo que ha pasado ahí, ¿verdad? De momento",partido,
323,00:39:43,2383,intentando generar muy vigilado también Robert Lewandowski que de momento no está no está recibiendo balón. Una de las claves de,intentando generar muy vigilado también Robert Lewandowski que de momento no está no está recibiendo balón. Una de las claves de,partido,
324,00:39:51,2391,"este Barça, los balones que recibe Robert Lewandowski no está recibiendo. Ahí está ganando el Madrid. Sí, sí.","este Barça, los balones que recibe Robert Lewandowski no está recibiendo. Ahí está ganando el Madrid. Sí, sí.",partido,
325,00:39:58,2398,"El Real Madrid ha una cosa muy bien, Jordi, que es es importante referenciar a Lewandowski, pero si yo le quito la manguera de abastecimiento, quito la","El Real Madrid ha una cosa muy bien, Jordi, que es es importante referenciar a Lewandowski, pero si yo le quito la manguera de abastecimiento, quito la",partido,
326,00:40:06,2406,"Menjamal, le quito a a Rafiña, incluso al propio Pedri, igual no tengo que vigilar tanto Lewandowski, ¿no? Empieza la tarea un poquito más adelante y le","Menjamal, le quito a a Rafiña, incluso al propio Pedri, igual no tengo que vigilar tanto Lewandowski, ¿no? Empieza la tarea un poquito más adelante y le",partido,
327,00:40:14,2414,"está resultando muy eficaz a un Real Madrid que encaja muy pocos goles, Jordi, que recibe muchas ocasiones, pero queja poco. En casa solo dos goles en la","está resultando muy eficaz a un Real Madrid que encaja muy pocos goles, Jordi, que recibe muchas ocasiones, pero queja poco. En casa solo dos goles en la",partido,
328,00:40:23,2423,"liga, siete en total, lejos de Cha Martín y en Cham Martín Mendí. Había despejado Antonio Rodiguer.","liga, siete en total, lejos de Cha Martín y en Cham Martín Mendí. Había despejado Antonio Rodiguer.",partido,
329,00:40:31,2431,Mendí en maniobra circular toca Jus Kundéa. La dejó pasar Camavinga. Saque de banda para el equipo blanco. Va a presionar el Fútbol Club Barcelona.,Mendí en maniobra circular toca Jus Kundéa. La dejó pasar Camavinga. Saque de banda para el equipo blanco. Va a presionar el Fútbol Club Barcelona.,partido,
330,00:40:39,2439,"Tramo final de la primera parte sin goles, solo uno y anulado por fuera de juego en este caso de Kilian Mbappé.","Tramo final de la primera parte sin goles, solo uno y anulado por fuera de juego en este caso de Kilian Mbappé.",partido,
331,00:40:48,2448,"Recibe Mendí, presiona la menjamal.","Recibe Mendí, presiona la menjamal.",partido,
332,00:40:50,2450,Saque de banda para el Barça. No protesta el jugador del equipo blanco y al final ha cambiado las tornas en esa,Saque de banda para el Barça. No protesta el jugador del equipo blanco y al final ha cambiado las tornas en esa,partido,
333,00:40:57,2457,acción. Recibe Pedri. Pedri acompaña el balón. El detegueste para Fermín. Rober Lewandowski la media vuelta.,acción. Recibe Pedri. Pedri acompaña el balón. El detegueste para Fermín. Rober Lewandowski la media vuelta.,partido,
334,00:41:04,2464,Golpeo en fuera de juego del delantero centro. Polaco del Fútbol Club Barcelona y pichichi de la liga con 12 diadas.,Golpeo en fuera de juego del delantero centro. Polaco del Fútbol Club Barcelona y pichichi de la liga con 12 diadas.,partido,
335,00:41:12,2472,Gran acción ahí de Pedri que filtra y venía fuera de juego Robert Lewandowski. Ha vuelto a recuperar ya el Barça. Pedre.,Gran acción ahí de Pedri que filtra y venía fuera de juego Robert Lewandowski. Ha vuelto a recuperar ya el Barça. Pedre.,partido,
336,00:41:20,2480,7 a 1 en fueras de juego.,7 a 1 en fueras de juego.,partido,
337,00:41:23,2483,[Aplausos],[Aplausos],partido,
338,00:41:25,2485,Valde para meter el centro. Fermini intentaba cabecear pero ahí Rudiger se lo comió.,Valde para meter el centro. Fermini intentaba cabecear pero ahí Rudiger se lo comió.,partido,
339,00:41:31,2491,Marcasado con el balón a la izquierda para Balde. Espera Rafiña en la frontal del área.,Marcasado con el balón a la izquierda para Balde. Espera Rafiña en la frontal del área.,partido,
340,00:41:37,2497,"Valde. Que bien Jud Bellingham, cómo ha sonado ese balón. Y Jud Bellingham bloqueando el centro del jugador de origen dominicano. Su madre es","Valde. Que bien Jud Bellingham, cómo ha sonado ese balón. Y Jud Bellingham bloqueando el centro del jugador de origen dominicano. Su madre es",partido,
341,00:41:46,2506,dominicana. Balón que acaba en saque de esquina a los 39 minutos y medio.,dominicana. Balón que acaba en saque de esquina a los 39 minutos y medio.,partido,
342,00:41:51,2511,"Dos equipos que manejan muy bien balón para ofensivo. Eh, el Barça en corner especialmente peligroso con tres goles.","Dos equipos que manejan muy bien balón para ofensivo. Eh, el Barça en corner especialmente peligroso con tres goles.",partido,
343,00:41:57,2517,"Claro, tiene mucho poderío, tiene Ñigo Martínez que como antes vimos tiene muy buen timing, Kubarí, Lewandowski y ojo,","Claro, tiene mucho poderío, tiene Ñigo Martínez que como antes vimos tiene muy buen timing, Kubarí, Lewandowski y ojo,",partido,
344,00:42:04,2524,"la segunda jugada de fuera del área con la M, etcétera para el tiro.","la segunda jugada de fuera del área con la M, etcétera para el tiro.",partido,
345,00:42:09,2529,"Ahí está Iñigo Martínez presto y dispuesto para el remate accediendo al primer palo. Fede de Valverde voló, el que más saltó, el que despejó. Yus Kundé","Ahí está Iñigo Martínez presto y dispuesto para el remate accediendo al primer palo. Fede de Valverde voló, el que más saltó, el que despejó. Yus Kundé",partido,
346,00:42:17,2537,"poniendo ese pase de seguridad para resetear, para volver a comenzar, para borrar la pizarra y para que el Barça se recoloque en ataque, pero se ha recolocado mucho más rápido y mejor el","poniendo ese pase de seguridad para resetear, para volver a comenzar, para borrar la pizarra y para que el Barça se recoloque en ataque, pero se ha recolocado mucho más rápido y mejor el",partido,
347,00:42:25,2545,"Real Madrid. Juega Camavinga, balón a la derecha para Kilian Mbappé que tiene que corregir su posición para tocar lo justo para ayudarse con Lucas Vázquez. Lucas","Real Madrid. Juega Camavinga, balón a la derecha para Kilian Mbappé que tiene que corregir su posición para tocar lo justo para ayudarse con Lucas Vázquez. Lucas",partido,
348,00:42:33,2553,"Vázquez se pone de cara para Mbappé. Que bonita la acción, aunque no ha podido llegar finalmente el jugador francés.","Vázquez se pone de cara para Mbappé. Que bonita la acción, aunque no ha podido llegar finalmente el jugador francés.",partido,
349,00:42:38,2558,"Saque de banda de nuevo para el cuadro catalán, para el equipo, para el Real Madrid. Saque de banda para el equipo blanco. Es Lucas Vázquez.","Saque de banda de nuevo para el cuadro catalán, para el equipo, para el Real Madrid. Saque de banda para el equipo blanco. Es Lucas Vázquez.",partido,
350,00:42:46,2566,el que va a poner el balón en circulación. Retenía otro balón Alejandro Valde ante la bronca del público. Se mueve Fed Valverde que no ha podido chutar hasta el momento desde fuera del área. Recibe Kilian Mbappé.,el que va a poner el balón en circulación. Retenía otro balón Alejandro Valde ante la bronca del público. Se mueve Fed Valverde que no ha podido chutar hasta el momento desde fuera del área. Recibe Kilian Mbappé.,partido,
351,00:42:58,2578,Lucas Vázquez otra vez para Kilian Mbappé. Valde ya la tiene filtrando. Cóo ha metido rápidamente Fermín. Ha tocado,Lucas Vázquez otra vez para Kilian Mbappé. Valde ya la tiene filtrando. Cóo ha metido rápidamente Fermín. Ha tocado,partido,
352,00:43:05,2585,Rafiña para Robert Lewandowski y era la mal el que metía ese balón para Rafiña.,Rafiña para Robert Lewandowski y era la mal el que metía ese balón para Rafiña.,partido,
353,00:43:08,2588,"Pero, ¿cómo ha tocado ahí Rudiger para salvar? Esa es la clave del Barça al primer toque con esa velocidad para","Pero, ¿cómo ha tocado ahí Rudiger para salvar? Esa es la clave del Barça al primer toque con esa velocidad para",partido,
354,00:43:16,2596,"correr a la contra. Ahora el que corre es Vinicius. Puede llegar con no ha llegado Pau Kubarí que arriesga, eleva el balón y lo toca con la cabeza. Brutal","correr a la contra. Ahora el que corre es Vinicius. Puede llegar con no ha llegado Pau Kubarí que arriesga, eleva el balón y lo toca con la cabeza. Brutal",partido,
355,00:43:23,2603,"Kubarí, brutal anteriormente Rudiger para recuperar ese balón que filtraba excepcionalmente la minal.","Kubarí, brutal anteriormente Rudiger para recuperar ese balón que filtraba excepcionalmente la minal.",partido,
356,00:43:29,2609,"¿Sabes lo que me gusta como defiende el Barça, Jordi? que defienden escalonados los centros laterales cuando es un centro profundo y me imagino que estará estudiado con Vinicius que suele ganar","¿Sabes lo que me gusta como defiende el Barça, Jordi? que defienden escalonados los centros laterales cuando es un centro profundo y me imagino que estará estudiado con Vinicius que suele ganar",partido,
357,00:43:38,2618,"muchas veces la la línea de fondo, eh, Cubarcí en una línea, Ñigo en otra, el pivote en este caso Casado en otra,","muchas veces la la línea de fondo, eh, Cubarcí en una línea, Ñigo en otra, el pivote en este caso Casado en otra,",partido,
358,00:43:45,2625,"bueno, por lo menos intentar ocupar casi todas las posibles líneas de pase en el área. Imposible ahí para Rafiña.","bueno, por lo menos intentar ocupar casi todas las posibles líneas de pase en el área. Imposible ahí para Rafiña.",partido,
359,00:43:54,2634,Partido de muchísimo desgaste. Vienen de jugar partido de Champions los dos equipos y de momento sin lesiones. Eso también,Partido de muchísimo desgaste. Vienen de jugar partido de Champions los dos equipos y de momento sin lesiones. Eso también,partido,
360,00:44:02,2642,es una noticia importantísima porque ya tenemos demasiadas. 41 para 42.,es una noticia importantísima porque ya tenemos demasiadas. 41 para 42.,partido,
361,00:44:09,2649,En todo el mundo los jugadores con tanto partido pues acaban sufriendo esas lesiones. Jus Kunde para,En todo el mundo los jugadores con tanto partido pues acaban sufriendo esas lesiones. Jus Kunde para,partido,
362,00:44:17,2657,"meter ese balón atrás hacia Iñaki. Peña, le presiona Vinicius. Peña va a cortar Jud Bellingham. Robert Lewandowski con","meter ese balón atrás hacia Iñaki. Peña, le presiona Vinicius. Peña va a cortar Jud Bellingham. Robert Lewandowski con",partido,
363,00:44:25,2665,la testa. Balde con el pecho con el pie izquierdo. Balde presiona de nuevo Jud Bellingham. Cómo está tomándose el partido. Jud Bellingham está en todas,la testa. Balde con el pecho con el pie izquierdo. Balde presiona de nuevo Jud Bellingham. Cómo está tomándose el partido. Jud Bellingham está en todas,partido,
364,00:44:33,2673,"las acciones. Cómo llega Chomení sobre Robert Lewandowski. Y ahora es Marcasado, el sustituto de don Sergio Busquets.","las acciones. Cómo llega Chomení sobre Robert Lewandowski. Y ahora es Marcasado, el sustituto de don Sergio Busquets.",partido,
365,00:44:40,2680,Balón para Cunde.,Balón para Cunde.,partido,
366,00:44:42,2682,"Si me dicen ahora este año que Casador lo compraste por 60 millones, me digo, ""Jo, barato encima."" Es me parecería estar barato Marcasador por 60 millones.","Si me dicen ahora este año que Casador lo compraste por 60 millones, me digo, ""Jo, barato encima."" Es me parecería estar barato Marcasador por 60 millones.",partido,
367,00:44:50,2690,"Sí, sí. un jugador que está aprovechando su su momento.","Sí, sí. un jugador que está aprovechando su su momento.",partido,
368,00:44:55,2695,"Otro de los pilares de este equipo, Pedri hacia Alejandro Valde, este con Rafiña, la presión de Chuameni. Pedri, Fermín se pone de cara. Fermín a la media vuelta. Camavinga se le vio mucho.","Otro de los pilares de este equipo, Pedri hacia Alejandro Valde, este con Rafiña, la presión de Chuameni. Pedri, Fermín se pone de cara. Fermín a la media vuelta. Camavinga se le vio mucho.",partido,
369,00:45:06,2706,Falta táctica sobre Vinicius y la primera cartulina amarilla del partido ha llegado en esa,Falta táctica sobre Vinicius y la primera cartulina amarilla del partido ha llegado en esa,partido,
370,00:45:14,2714,"acción para cortar la progresión de Vinicius. Me encanta como arbitra Sánchez Martínez, que tiene una autoridad que que debe tener un árbitro,","acción para cortar la progresión de Vinicius. Me encanta como arbitra Sánchez Martínez, que tiene una autoridad que debe tener un árbitro,",partido,
371,00:45:21,2721,cómo ha frenado ahí de raíz a Vinicius y la falta de Marcasado es clarísima porque se olvida de jugar el balón y ahí entorpece en una acción de contra.,cómo ha frenado ahí de raíz a Vinicius y la falta de Marcasado es clarísima porque se olvida de jugar el balón y ahí entorpece en una acción de contra.,partido,
372,00:45:31,2731,"Primera cartulina amarilla. Bueno, está bien, está bien que haya aguantado hasta el momento. 43 minutos. Gran gestión de partido de Sánchez Martínez","Primera cartulina amarilla. Bueno, está bien, está bien que haya aguantado hasta el momento. 43 minutos. Gran gestión de partido de Sánchez Martínez",partido,
373,00:45:39,2739,"en un partido que son dos equipos que juegan muy cerca unos de otros, que hay muchas muchos contacto porque el balón va muy rápido y los jugadores llegan","en un partido que son dos equipos que juegan muy cerca unos de otros, que hay muchas muchos contacto porque el balón va muy rápido y los jugadores llegan",partido,
374,00:45:47,2747,"tarde y Sánchez Martínez es un árbitro que gesticula mucho, que si no lo conoces parece que a veces está un poco nervioso, pero todo lo contrario, tiene mucha autoridad.","tarde y Sánchez Martínez es un árbitro que gesticula mucho, que si no lo conoces parece que a veces está un poco nervioso, pero todo lo contrario, tiene mucha autoridad.",partido,
375,00:45:56,2756,Aquí acaba recibiendo ese balón Lucas Vázquez desde el costado,Aquí acaba recibiendo ese balón Lucas Vázquez desde el costado,partido,
376,00:46:03,2763,derecho. Ahí puede llegar Iñigo Martínez para enviar ese balón que acaba,derecho. Ahí puede llegar Iñigo Martínez para enviar ese balón que acaba,partido,
377,00:46:11,2771,en saque de esquina para el Real Madrid en el último tramo de primera parte.,en saque de esquina para el Real Madrid en el último tramo de primera parte.,partido,
378,00:46:18,2778,"empieza Bellinga a entender que su papel puede ser fundamental entrando desde atrás, eh, Jordi, aparte del esfuerzo que es generosísimo,","empieza Bellinga a entender que su papel puede ser fundamental entrando desde atrás, eh, Jordi, aparte del esfuerzo que es generosísimo,",partido,
379,00:46:26,2786,el trabajo de de Bellingan y a veces oscuro porque como no hace goles parece que no no está aportando cosas.,el trabajo de Bellingan y a veces oscuro porque como no hace goles parece que no no está aportando cosas.,partido,
380,00:46:32,2792,"44 minutos de la primera mitad, menudo tumulto hay ahí,","44 minutos de la primera mitad, menudo tumulto hay ahí,",partido,
381,00:46:39,2799,"bueno, repartiendo tarjetas de visitas y cambiándose los teléfonos para después irse a tomar unas cañitas en el centro de Madrid.","bueno, repartiendo tarjetas de visitas y cambiándose los teléfonos para después irse a tomar unas cañitas en el centro de Madrid.",partido,
382,00:46:48,2808,Finalmente el despeje ha sido de Valde.,Finalmente el despeje ha sido de Valde.,partido,
383,00:46:50,2810,Fe de Valverde con el balón. Lo ha llegado a tocar Pedri. Vamos a ver quién gana esa batalla. Falta de Rudiger.,Fe de Valverde con el balón. Lo ha llegado a tocar Pedri. Vamos a ver quién gana esa batalla. Falta de Rudiger.,partido,
384,00:46:58,2818,Falta de Rudiger sobre Ñigo Martínez que ha recibido un golpe en el pómulo,Falta de Rudiger sobre Ñigo Martínez que ha recibido un golpe en el pómulo,partido,
385,00:47:05,2825,"o en la garganta. Bueno, Rudiger me encanta que no pierda la sonrisa en ningún momento. Ahí vemos. No, no, más","o en la garganta. Bueno, Rudiger me encanta que no pierda la sonrisa en ningún momento. Ahí vemos. No, no, más",partido,
386,00:47:12,2832,"que codo, yo creo que es con la con la mano. Parecía, por lo menos en la repetición.","que codo, yo creo que es con la con la mano. Parecía, por lo menos en la repetición.",partido,
387,00:47:18,2838,Y Martínez para poner el balón en circulación hacia Juscundée. 45 minutos cumplidos. Vamos a ver cuánto añade. 2,Y Martínez para poner el balón en circulación hacia Juscundée. 45 minutos cumplidos. Vamos a ver cuánto añade. 2,partido,
388,00:47:24,2844,"minutos. Dos más de tiempo añadido en Chamartín. Ahora la entrada desde Isus Kundé, también en la lumbar en este caso de Camavinga.","minutos. Dos más de tiempo añadido en Chamartín. Ahora la entrada desde Isus Kundé, también en la lumbar en este caso de Camavinga.",partido,
389,00:47:37,2857,"Ahí está Cundé también, Jordi, desde lateral que presumíamos, pensábamos que no le gustaba jugar ahí","Ahí está Cundé también, Jordi, desde lateral que presumíamos, pensábamos que no le gustaba jugar ahí",partido,
390,00:47:44,2864,"me parece que es bueno, no sé si sería atrevido, pero top tres, top cinco de los jugadores del Barça esta temporada.","me parece que es bueno, no sé si sería atrevido, pero top tres, top cinco de los jugadores del Barça esta temporada.",partido,
391,00:47:51,2871,Rudiger atento para poner el balón en circulación.,Rudiger atento para poner el balón en circulación.,partido,
392,00:47:55,2875,Parece que los dos equipos están buscando ya el tiempo de descanso.,Parece que los dos equipos están buscando ya el tiempo de descanso.,partido,
393,00:47:59,2879,Rudiker no se acaba de decidir. Vemos la posición adelantada de la defensa. Cómo obliga a los jugadores del Real Madrid a estar muy arriba. Manó o Pecho. El árbitro cree que Pecho.,Rudiker no se acaba de decidir. Vemos la posición adelantada de la defensa. Cómo obliga a los jugadores del Real Madrid a estar muy arriba. Manó o Pecho. El árbitro cree que Pecho.,partido,
394,00:48:10,2890,Rudiger. Pecho también. Robert Lewandowski. Hombro con hombro le hace rebotar el balón. Fermín. Progresa.,Rudiger. Pecho también. Robert Lewandowski. Hombro con hombro le hace rebotar el balón. Fermín. Progresa.,partido,
395,00:48:16,2896,Fermín. Vamos a ver. Fermín la cambia toda. Lucas Vázquez. ¿Cómo ha saltado Lucas Vázquez para pinchar ese balón?,Fermín. Vamos a ver. Fermín la cambia toda. Lucas Vázquez. ¿Cómo ha saltado Lucas Vázquez para pinchar ese balón?,partido,
396,00:48:22,2902,"Militao, balón a la espalda de la defensa. Lo intentaba por lo menos y es Iñico Martínez el que recupera. Nos queda un minutito para concluir la","Militao, balón a la espalda de la defensa. Lo intentaba por lo menos y es Iñico Martínez el que recupera. Nos queda un minutito para concluir la",partido,
397,00:48:30,2910,"primera parte del clásico de la liga, el primero de la temporada en la Liga A.","primera parte del clásico de la liga, el primero de la temporada en la Liga A.",partido,
398,00:48:35,2915,"Desde Madrid para el mundo, Real Madrid 0. Marcó Mbappé, pero en fuera de juego.","Desde Madrid para el mundo, Real Madrid 0. Marcó Mbappé, pero en fuera de juego.",partido,
399,00:48:39,2919,Fútbol Club Barcelona. Esto puede acabar en esta última acción del Barça de la primera parte. La minña mal lo va a,Fútbol Club Barcelona. Esto puede acabar en esta última acción del Barça de la primera parte. La minña mal lo va a,partido,
400,00:48:48,2928,buscar por dentro. Se apoya en Fermín.,buscar por dentro. Se apoya en Fermín.,partido,
401,00:48:53,2933,Este con Mar Casadó le persigue Vinicius. Robert Lewandowski Militao.,Este con Mar Casadó le persigue Vinicius. Robert Lewandowski Militao.,partido,
402,00:48:58,2938,"Como están defendiendo a Robert Lewandowski, Militado y también Rudiger Fed Valverde presionaba Fermín. Golpe larguísimo.","Como están defendiendo a Robert Lewandowski, Militado y también Rudiger Fed Valverde presionaba Fermín. Golpe larguísimo.",partido,
403,00:49:05,2945,Quiere pelear ese balón J Bellingham. Lo detecta Ñigo Martínez. Lo pone Recaudo para Valde que ha calculado mal. Aparece Fed Valverde. Será saque de banda para el Real Madrid. Quedan 9 segundos.,Quiere pelear ese balón J Bellingham. Lo detecta Ñigo Martínez. Lo pone Recaudo para Valde que ha calculado mal. Aparece Fed Valverde. Será saque de banda para el Real Madrid. Quedan 9 segundos.,partido,
404,00:49:16,2956,El árbitro ha pitado el final o ha dicho que se tiene que sacar de más atrás.,El árbitro ha pitado el final o ha dicho que se tiene que sacar de más atrás.,partido,
405,00:49:21,2961,Parecía que no le está utilizado. Ahora sí el final final de la primera parte con este marcador Esteban de 0 a0 en Champarte.,Parecía que no le está utilizado. Ahora sí el final final de la primera parte con este marcador Esteban de 0 a0 en Champarte.,partido,
406,00:49:29,2969,"Sí, una primera parte más amenazante, eh, con más posibilidades que que realidades, porque los porteros han tenido que intervenir realmente de","Sí, una primera parte más amenazante, eh, con más posibilidades que realidades, porque los porteros han tenido que intervenir realmente de",partido,
407,00:49:37,2977,"manera importante y de manera válida ninguna vez, pero creo que hay un gran desgaste, que hay mucha tensión y yo la segunda parte, Jordi, voy a estar aquí","manera importante y de manera válida ninguna vez, pero creo que hay un gran desgaste, que hay mucha tensión y yo la segunda parte, Jordi, voy a estar aquí",partido,
408,00:49:45,2985,"viendo cómo cómo sigues eh cansándote, porque es un partido para narrador cansarse, ¿eh? Bueno, pues aquí estamos.","viendo cómo cómo sigues eh cansándote, porque es un partido para narrador cansarse, ¿eh? Bueno, pues aquí estamos.",partido,
409,00:49:51,2991,"Eh, para lo que haga falta, evidente, evidentemente siempre nos cansamos un poquito más los narradores. La gente se piensa que no es un esfuerzo físico,","Eh, para lo que haga falta, evidente, evidentemente siempre nos cansamos un poquito más los narradores. La gente se piensa que no es un esfuerzo físico,",partido,
410,00:49:59,2999,"pero lo es físico y también mental. Pero sobre todo lo que es, es un auténtico placer poder estar comentando este clásico de momento con 0 a cer0.","pero lo es físico y también mental. Pero sobre todo lo que es, es un auténtico placer poder estar comentando este clásico de momento con 0 a cer0.",partido,
411,00:50:07,3007,Volvemos cuando arranque la segunda mitad. Yo de vosotros y de vosotras no me lo perdería hasta ahora.,Volvemos cuando arranque la segunda mitad. Yo de vosotros y de vosotras no me lo perdería hasta ahora.,partido,
412,00:50:12,3012,"De nuevo con todos vosotros, con todas vosotros. Imágenes otra vez más del estadio Santiago Bernabeo en San Martín en la capital de España. Cambio en el","De nuevo con todos vosotros, con todas vosotros. Imágenes otra vez más del estadio Santiago Bernabeo en San Martín en la capital de España. Cambio en el",partido,
413,00:50:21,3021,Barça. Va a abandonar y de hecho abandona el terreno de juego Fermina.,Barça. Va a abandonar y de hecho abandona el terreno de juego Fermina.,partido,
414,00:50:25,3025,"Ahí le tenemos en el banquillo y Frankie de Jong al ruedo. Busca, entiendo, Hansy Flick, más posesión, un poquito más de pausa cuando el Fútbol Club Barcelona.","Ahí le tenemos en el banquillo y Frankie de Jong al ruedo. Busca, entiendo, Hansy Flick, más posesión, un poquito más de pausa cuando el Fútbol Club Barcelona.",partido,
415,00:50:36,3036,"Esteban, saludos de nuevo, tenga el balón.","Esteban, saludos de nuevo, tenga el balón.",partido,
416,00:50:38,3038,"Sí. ¿Qué tal, Jordi? Pensaba que podría ser Pedri. Me habían dicho que estaba ya sin, o sea, con ropa de futbolista Fry Deon que iba a entrar. pensaba que podía","Sí. ¿Qué tal, Jordi? Pensaba que podría ser Pedri. Me habían dicho que estaba ya sin, o sea, con ropa de futbolista Fry Deon que iba a entrar. pensaba que podía",partido,
417,00:50:45,3045,"ser Pedri por el tobillo, eh, no por otra cosa. De Fermín, pues no no sé muy bien los motivos, ¿no? Porque a mí futbolísticamente no me estaba pareciendo un desastre como para","ser Pedri por el tobillo, eh, no por otra cosa. De Fermín, pues no no sé muy bien los motivos, ¿no? Porque a mí futbolísticamente no me estaba pareciendo un desastre como para",partido,
418,00:50:53,3053,"quitarlo el descanso o a lo mejor a Hass Flick, sí, eh, una segunda parte, Jordi, que pasan muchas cosas cuando el Real","quitarlo el descanso o a lo mejor a Hass Flick, sí, eh, una segunda parte, Jordi, que pasan muchas cosas cuando el Real",partido,
419,00:51:01,3061,"Madrid juega las segundas partes. Suele hacer muchos más goles en las segundas partes, suele encajar más en las segundas partes, eso lo sabrá el Barça.","Madrid juega las segundas partes. Suele hacer muchos más goles en las segundas partes, suele encajar más en las segundas partes, eso lo sabrá el Barça.",partido,
420,00:51:07,3067,"Y bueno, pues una segunda parte para mí trepidante, Jordi. Sin lugar a dudas, Esteban, pues va a arrancar la segunda","Y bueno, pues una segunda parte para mí trepidante, Jordi. Sin lugar a dudas, Esteban, pues va a arrancar la segunda",partido,
421,00:51:14,3074,mitad del primer clásico de la liga de la temporada. Lo hace en este preciso instante.,mitad del primer clásico de la liga de la temporada. Lo hace en este preciso instante.,partido,
422,00:51:23,3083,"Suerte para el Real Madrid, suerte para el Barça, suerte para Sánchez Martínez y para Muñiz Ruiz. Primer ataque del Fútbol Club Barcelona con la presencia","Suerte para el Real Madrid, suerte para el Barça, suerte para Sánchez Martínez y para Muñiz Ruiz. Primer ataque del Fútbol Club Barcelona con la presencia",partido,
423,00:51:30,3090,de Frank de Jón que ha superado ya su lesión y que intenta meter ese pase culminado hacia Robert Lewandowski. Contragolpea el conjunto Blaugrana.,de Frank de Jón que ha superado ya su lesión y que intenta meter ese pase culminado hacia Robert Lewandowski. Contragolpea el conjunto Blaugrana.,partido,
424,00:51:39,3099,"Rafiña con Balde, este con el jugador neerlandés que además luce el brazalete de capitán. Marcasado ha movido ese","Rafiña con Balde, este con el jugador neerlandés que además luce el brazalete de capitán. Marcasado ha movido ese",partido,
425,00:51:47,3107,"balón a la derecha. La primera bronca que le cae a Marcas por parte de Frankie de John que le estaba advirtiendo que jugara un poquito más tranquilo y ahí,","balón a la derecha. La primera bronca que le cae a Marcas por parte de Frankie de John que le estaba advirtiendo que jugara un poquito más tranquilo y ahí,",partido,
426,00:51:56,3116,"bueno, está claro que Fren de John va a buscar probablemente eso. Vinicius como le presionaba de John.","bueno, está claro que Fren de John va a buscar probablemente eso. Vinicius como le presionaba de John.",partido,
427,00:52:05,3125,Ahora juega Paco Garcí pisando ese balón otra vez para el neerlandés. 45 para 46.,Ahora juega Paco Garcí pisando ese balón otra vez para el neerlandés. 45 para 46.,partido,
428,00:52:12,3132,"Ha arrancado la segunda parte. Marcó Mbappé en la primera mitad, pero en fuera de juego. No ha hecho ningún cambio don Carlos Ancelotti. Ahí tenemos","Ha arrancado la segunda parte. Marcó Mbappé en la primera mitad, pero en fuera de juego. No ha hecho ningún cambio don Carlos Ancelotti. Ahí tenemos",partido,
429,00:52:20,3140,la primera acción defensiva en este caso por parte de Frankie de John en vivo y es que Mbappé Jordi con Té se fuera de,la primera acción defensiva en este caso por parte de Frankie de John en vivo y es que Mbappé Jordi con Té se fuera de,partido,
430,00:52:28,3148,"juego esa primera parte es decir en el vestuario alguien le habrá dicho, ""Tranquilo, entra más tarde, eres rapidísimo, igual recuperas terreno en","juego esa primera parte es decir en el vestuario alguien le habrá dicho, ""Tranquilo, entra más tarde, eres rapidísimo, igual recuperas terreno en",partido,
431,00:52:35,3155,"la carrera entra más tarde, pierde una décima de segundo en el desmarque e intenta recuperarlo en la carrera. Es la la ansiedad, entiendo, de Kilan Mbappé","la carrera entra más tarde, pierde una décima de segundo en el desmarque e intenta recuperarlo en la carrera. Es la la ansiedad, entiendo, de Kilan Mbappé",partido,
432,00:52:43,3163,"para para intentar pues eso, ser noticia, obviamente en el en el clásico.","para para intentar pues eso, ser noticia, obviamente en el en el clásico.",partido,
433,00:52:50,3170,"La minña mal irrompe por el costado derecho, se asocia con Robin Lewandowski, este con Pedri, eleva el balón para J Kundé, Kundé que va a meter","La minña mal irrompe por el costado derecho, se asocia con Robin Lewandowski, este con Pedri, eleva el balón para J Kundé, Kundé que va a meter",partido,
434,00:52:58,3178,ese centro hacia Robert Lewandowski como militao ha ganado ese balón aéreo. Saque de banda de nuevo para el conjunto blaugrana. Este centro sí que era,ese centro hacia Robert Lewandowski como militao ha ganado ese balón aéreo. Saque de banda de nuevo para el conjunto blaugrana. Este centro sí que era,partido,
435,00:53:07,3187,dinamita pura. Qué gran intervención defensiva de Militao.,dinamita pura. Qué gran intervención defensiva de Militao.,partido,
436,00:53:12,3192,"Que me está encantando todo el partido, Jordi, eh, está siendo rápido, contundente, muy buen partido de del Militao.","Que me está encantando todo el partido, Jordi, eh, está siendo rápido, contundente, muy buen partido de del Militao.",partido,
437,00:53:22,3202,"Había recibido un agarrón Frankie Deón, dejó seguir el colegiado. El Barça ha salido firme en este arranque de la segunda mitad, Valde, que estaba","Había recibido un agarrón Frankie Deón, dejó seguir el colegiado. El Barça ha salido firme en este arranque de la segunda mitad, Valde, que estaba",partido,
438,00:53:28,3208,"pidiendo el balón. Le falta quizás un poquito más de calma al conjunto Blaugurana. ¿Qué nos cuentas de la Viñamal? ¿Cómo le estás viendo? Bueno,","pidiendo el balón. Le falta quizás un poquito más de calma al conjunto Blaugurana. ¿Qué nos cuentas de la Viñamal? ¿Cómo le estás viendo? Bueno,",partido,
439,00:53:36,3216,"eh, cuando eres una figura mundial, ojo, la recuperación, la Villa mal, precisamente en la frontal del área. Ha","eh, cuando eres una figura mundial, ojo, la recuperación, la Villa mal, precisamente en la frontal del área. Ha",partido,
440,00:53:45,3225,recuperado el Barça con ese error en la salida de el guardameta del equipo blanco De,recuperado el Barça con ese error en la salida de el guardameta del equipo blanco De,partido,
441,00:53:52,3232,"que va a mover hacia la izquierda para que controle Marcas Sadón este con Balde, tal y como está el partido, también se me antoja bastante importante","que va a mover hacia la izquierda para que controle Marcas Sadón este con Balde, tal y como está el partido, también se me antoja bastante importante",partido,
442,00:54:01,3241,lo que puedan hacer los entrenadores a partir del minuto 60. y ha movido ficha primero. Hans flick se hizo un lío el,lo que puedan hacer los entrenadores a partir del minuto 60. y ha movido ficha primero. Hans flick se hizo un lío el,partido,
443,00:54:08,3248,hombre que estabas eh comentando. La minal.,hombre que estabas eh comentando. La minal.,partido,
444,00:54:11,3251,"Sí, no te decía cuando la mamal y tienes tanta expectativa alrededor tuya, pues claro, te fijas Mendí que es un gran lateral izquierdo defensivo, se acerca","Sí, no te decía cuando la mamal y tienes tanta expectativa alrededor tuya, pues claro, te fijas Mendí que es un gran lateral izquierdo defensivo, se acerca",partido,
445,00:54:20,3260,"Camavinga, el propio eh Bellingham muchas veces, es decir, que mete una jaula no de oro, pero una jaula defensiva.","Camavinga, el propio eh Bellingham muchas veces, es decir, que mete una jaula no de oro, pero una jaula defensiva.",partido,
446,00:54:29,3269,"Lucas Vázquez para Kilan. Mbappé controla Mbappé mete el recorte y cómo se lo adivina Paco Barsí, no había fuera","Lucas Vázquez para Kilan. Mbappé controla Mbappé mete el recorte y cómo se lo adivina Paco Barsí, no había fuera",partido,
447,00:54:36,3276,"de juego en esta oportunidad y el balón a saque de esquina. Qué pase de Lucas Vázquez, qué control de Killan Mbappé,","de juego en esta oportunidad y el balón a saque de esquina. Qué pase de Lucas Vázquez, qué control de Killan Mbappé,",partido,
448,00:54:43,3283,aunque se le va un poquito y cómo intuye Paco Barsí sin perder de vista el balón con la mirada.,aunque se le va un poquito y cómo intuye Paco Barsí sin perder de vista el balón con la mirada.,partido,
449,00:54:48,3288,"Sí, la verdad que Kubarchi central, jovencísimo, pero tiene una cosa muy buena, Jordi, no se regala. ha mejorado mucho en que a veces iba al suelo en el","Sí, la verdad que Kubarchi central, jovencísimo, pero tiene una cosa muy buena, Jordi, no se regala. ha mejorado mucho en que a veces iba al suelo en el",partido,
450,00:54:56,3296,ceso y cometía una a un penalti incluso no se regala muy bien Pau.,ceso y cometía una a un penalti incluso no se regala muy bien Pau.,partido,
451,00:55:01,3301,48 minutos 0-0 en el marcador. Será Lucas Vázquez el encargado ahora de patear el saque de esquina. Se ofrece,48 minutos 0-0 en el marcador. Será Lucas Vázquez el encargado ahora de patear el saque de esquina. Se ofrece,partido,
452,00:55:08,3308,"también Killen Mbappé por si prefiere sacar en eh corto, pero va a ser en largo. Golpeo. Despeja Rafiña. La minal","también Killen Mbappé por si prefiere sacar en eh corto, pero va a ser en largo. Golpeo. Despeja Rafiña. La minal",partido,
453,00:55:16,3316,con el exterior. Recuperación de nuevo para Mendí. 49 minutos 00. Pase de seguridad. Mirar el Barça como adelanta líneas para presionar.,con el exterior. Recuperación de nuevo para Mendí. 49 minutos 00. Pase de seguridad. Mirar el Barça como adelanta líneas para presionar.,partido,
454,00:55:25,3325,Golpeo larguísimo de Lun que ha preferido perder el balón antes de que le vuelva a pasar lo que le ha pasado en la anterior acción.,Golpeo larguísimo de Lun que ha preferido perder el balón antes de que le vuelva a pasar lo que le ha pasado en la anterior acción.,partido,
455,00:55:31,3331,"Está teniendo muchos problemas Lun con los con los pies. Quiero decir, el timing de mi golpeo con los atacantes no","Está teniendo muchos problemas Lun con los con los pies. Quiero decir, el timing de mi golpeo con los atacantes no",partido,
456,00:55:39,3339,"está siendo coordinado. Y podría ser un buen arma, ¿eh? que Luni tiene un buen golpeo y para atacar esa línea tan alta, pero no está no está","está siendo coordinado. Y podría ser un buen arma, ¿eh? que Luni tiene un buen golpeo y para atacar esa línea tan alta, pero no está no está",partido,
457,00:55:47,3347,preciso y creo que está un poco nervioso. Jordi llegó otra vez más Iñaki Peña para,preciso y creo que está un poco nervioso. Jordi llegó otra vez más Iñaki Peña para,partido,
458,00:55:54,3354,Shuscundé y como Fede de Valverde le estaba reando a Marcasad que estaba esperando también para recibir Lun de nuevo Lewandowski que está presionando,Shuscundé y como Fede de Valverde le estaba reando a Marcasad que estaba esperando también para recibir Lun de nuevo Lewandowski que está presionando,partido,
459,00:56:03,3363,ahora sí que lo ha hecho perfectamente bien el portero ucraniano. Pigue absolutamente loco de remate el partido en este arranque de la segunda mitad,ahora sí que lo ha hecho perfectamente bien el portero ucraniano. Pigue absolutamente loco de remate el partido en este arranque de la segunda mitad,partido,
460,00:56:12,3372,"donde el Barça, si en la primera había sido el Real Madrid, el Barça ha salido más firme en esta segunda mitad, pero eso ya sabemos que no quiere decir","donde el Barça, si en la primera había sido el Real Madrid, el Barça ha salido más firme en esta segunda mitad, pero eso ya sabemos que no quiere decir",partido,
461,00:56:20,3380,"absolutamente nada. Jud Benga corriendo, llega también Inigo Martínez para meter ese balón atrás. Vinicius que va a presionar en Ñag Peña que golpea al","absolutamente nada. Jud Benga corriendo, llega también Inigo Martínez para meter ese balón atrás. Vinicius que va a presionar en Ñag Peña que golpea al",partido,
462,00:56:29,3389,"largo. La ventaja de nuevo. Los los porteros no quieren arriesgar, eh, sino todo lo contrario. Ahí les vemos cómo meten esos balones que prefieren","largo. La ventaja de nuevo. Los los porteros no quieren arriesgar, eh, sino todo lo contrario. Ahí les vemos cómo meten esos balones que prefieren",partido,
463,00:56:37,3397,entregárselo al contrario antes de tener un error.,entregárselo al contrario antes de tener un error.,partido,
464,00:56:39,3399,Los medios centros posicionales de ambos equipos han acabado el partido con dolor de cuello porque están viendo el partido,Los medios centros posicionales de ambos equipos han acabado el partido con dolor de cuello porque están viendo el partido,partido,
465,00:56:46,3406,"ir de un lado a otro y con poca opinión de ellos futbolística, porque el balón va rapidísimo de un área área.","ir de un lado a otro y con poca opinión de ellos futbolística, porque el balón va rapidísimo de un área área.",partido,
466,00:56:54,3414,Suamené hacia Camavinga. Tiene terreno de juego por delante el público que está animando a Kir Mbappé que se va por el costado izquierdo. Se ha ido en primera,Suamené hacia Camavinga. Tiene terreno de juego por delante el público que está animando a Kir Mbappé que se va por el costado izquierdo. Se ha ido en primera,partido,
467,00:57:02,3422,"instancia de Kundé, pero ¿cómo ha recuperado de nuevo? ¿Cómo estáus Kundé?","instancia de Kundé, pero ¿cómo ha recuperado de nuevo? ¿Cómo estáus Kundé?",partido,
468,00:57:04,3424,"Marcas para Pedri. Despalos a portería Fed de Valrete que le presiona. Cinco de la segunda parte. Un partido loco de remate, un partido vibrante. Es el","Marcas para Pedri. Despalos a portería Fed de Valrete que le presiona. Cinco de la segunda parte. Un partido loco de remate, un partido vibrante. Es el",partido,
469,00:57:13,3433,clásico amigo. Es el clásico amiga. El primero de la temporada en la liga.,clásico amigo. Es el clásico amiga. El primero de la temporada en la liga.,partido,
470,00:57:17,3437,Error ahora de Chomení. Se la lleva la Minam que ha golpeado desde su casa para,Error ahora de Chomení. Se la lleva la Minam que ha golpeado desde su casa para,partido,
471,00:57:24,3444,"intentar sorprender, cosa que no hizo Andr Lunin, ese detalle de calidad de la miña mal que ha buscado sorprender, pero","intentar sorprender, cosa que no hizo Andr Lunin, ese detalle de calidad de la miña mal que ha buscado sorprender, pero",partido,
472,00:57:32,3452,estaba muy bien colocado y muy atento a Andre Lunes.,estaba muy bien colocado y muy atento a Andre Lunes.,partido,
473,00:57:35,3455,"Sí, muy bien retrocediendo para atrás, eh, o sea, se da cuenta que fíjate como levanta la cabeza y retrocede muy bien.","Sí, muy bien retrocediendo para atrás, eh, o sea, se da cuenta que fíjate como levanta la cabeza y retrocede muy bien.",partido,
474,00:57:41,3461,Y otro balón largo para que juegue Vinicius por el costado izquierdo. Qué buen recorte ante. Vamos a ver. Biriini corner. Ha tocado Paco Garcí. Saque de,Y otro balón largo para que juegue Vinicius por el costado izquierdo. Qué buen recorte ante. Vamos a ver. Biriini corner. Ha tocado Paco Garcí. Saque de,partido,
475,00:57:51,3471,esquina para el Real Madrid. Esto no para y que siga así porque es un auténtico deleite. Fútbol total hoy en el estadio madridista.,esquina para el Real Madrid. Esto no para y que siga así porque es un auténtico deleite. Fútbol total hoy en el estadio madridista.,partido,
476,00:58:01,3481,"í, sí. O sea, lo más importante de todo, Jordi, es que ambos están siendo fieles a sus ideas y no porque sea un clásico, se han se han protegido más.","í, sí. O sea, lo más importante de todo, Jordi, es que ambos están siendo fieles a sus ideas y no porque sea un clásico, se han se han protegido más.",partido,
477,00:58:10,3490,"Faltan los goles, pero bueno, no todos los ceros son 0-0 son aburridos. Jordi es es así. Y por ejemplo, efectivamente tenemos","Faltan los goles, pero bueno, no todos los ceros son 0-0 son aburridos. Jordi es es así. Y por ejemplo, efectivamente tenemos",partido,
478,00:58:20,3500,este ejemplo. Lucas Vázquez para el saque de esquina al 52 minutos. Ahí va Lucas Vázquez.,este ejemplo. Lucas Vázquez para el saque de esquina al 52 minutos. Ahí va Lucas Vázquez.,partido,
479,00:58:26,3506,Ojo que Robert Lewandowski se la comió al suelo. Jud Bellingham le ayuda a levantarse Ñigo Martínez. Ha habido,Ojo que Robert Lewandowski se la comió al suelo. Jud Bellingham le ayuda a levantarse Ñigo Martínez. Ha habido,partido,
480,00:58:34,3514,ahí una acción donde Jud Bellingham. Ahí vemos como está reclamando. Vamos a ver.,ahí una acción donde Jud Bellingham. Ahí vemos como está reclamando. Vamos a ver.,partido,
481,00:58:39,3519,"Jud Bellingan con Iñigo. Se agarran los dos. Mirad la camiseta de Ñigo también la de Bellingan. Yo creo que no hay nada, sinceramente.","Jud Bellingan con Iñigo. Se agarran los dos. Mirad la camiseta de Ñigo también la de Bellingan. Yo creo que no hay nada, sinceramente.",partido,
482,00:58:46,3526,"Es difícil, es difícil que en un clásico un árbitro tome una medida disciplinar de penalti por una acción así, eh, porque sabe que la repercusión es tremenda.","Es difícil, es difícil que en un clásico un árbitro tome una medida disciplinar de penalti por una acción así, eh, porque sabe que la repercusión es tremenda.",partido,
483,00:58:58,3538,Puede llegar y llega sin problemas Iñaqui Peña. Mensajes para Esteban @esteban1unoportero@steban,Puede llegar y llega sin problemas Iñaqui Peña. Mensajes para Esteban @esteban1unoportero@steban,partido,
484,00:59:05,3545,un portero a través de Twitter retx para mi persona @jordipons-@jordipons-bajo.,un portero a través de Twitter retx para mi persona @jordipons-@jordipons-bajo.,partido,
485,00:59:13,3553,Falta sobre Balde. Ahí está J Beningham que había agarrado y después había derribado con esa falta,Falta sobre Balde. Ahí está J Beningham que había agarrado y después había derribado con esa falta,partido,
486,00:59:22,3562,Alejandro Valde en vivo Martínez.,Alejandro Valde en vivo Martínez.,partido,
487,00:59:27,3567,"No creo que esto acabe 0 a0, pero marcas filtrando para Robert Lewandowski. Vamos a ver, no hay fuera de juego. Sí, no lo","No creo que esto acabe 0 a0, pero marcas filtrando para Robert Lewandowski. Vamos a ver, no hay fuera de juego. Sí, no lo",partido,
488,00:59:34,3574,"sé. Rober Lewandowski, qué bueno, qué bueno, qué bueno. ¡Gol!","sé. Rober Lewandowski, qué bueno, qué bueno, qué bueno. ¡Gol!",partido,
489,00:59:44,3584,¡Gol!,¡Gol!,partido,
490,00:59:48,3588,"Pase filtrado a la espalda de la defensa y hoy sí, hoy también Fiel a su cita con","Pase filtrado a la espalda de la defensa y hoy sí, hoy también Fiel a su cita con",partido,
491,00:59:56,3596,"el gol. El idilio de Robert Lewandowski esta temporada para lograr el 0-1 en Chapartín, para lograr su decimtercer gol con Elástica Blaugr en la liga.","el gol. El idilio de Robert Lewandowski esta temporada para lograr el 0-1 en Chapartín, para lograr su decimtercer gol con Elástica Blaugr en la liga.",partido,
492,01:00:05,3605,"1 hora y 5 segundosRobert Rebandowski con un pase filtrado, con un pasillo excepcional para que Robert Lewandowski con sangre fría haya","1 hora y 5 segundosRobert Rebandowski con un pase filtrado, con un pasillo excepcional para que Robert Lewandowski con sangre fría haya",partido,
493,01:00:13,3613,1 hora y 13 segundosdefinido para poder por delante en el marcador al conjunto Culé. Vemos la acción repetida con el pase que le va a,1 hora y 13 segundosdefinido para poder por delante en el marcador al conjunto Culé. Vemos la acción repetida con el pase que le va a,partido,
494,01:00:20,3620,1 hora y 20 segundosllevar a Robert Lewandowski. Ha sido un pase fundamental de Mar Casado y después cómo ha definido Robert Lewandowski.,1 hora y 20 segundosllevar a Robert Lewandowski. Ha sido un pase fundamental de Mar Casado y después cómo ha definido Robert Lewandowski.,partido,
495,01:00:29,3629,1 hora y 29 segundos¿Te acuerdas que te dije primera parte que Diego Martínez García liderazgo sobre una defensa? No. Para sacarlos.,1 hora y 29 segundos¿Te acuerdas que te dije primera parte que Diego Martínez García liderazgo sobre una defensa? No. Para sacarlos.,partido,
496,01:00:34,3634,1 hora y 34 segundosAquí los dos centrales salen a un balón al mismo balón. Laterales que no ven a los centrales o que no reciben la de salir y sobre todo creo que es Mendí que,1 hora y 34 segundosAquí los dos centrales salen a un balón al mismo balón. Laterales que no ven a los centrales o que no reciben la de salir y sobre todo creo que es Mendí que,partido,
497,01:00:43,3643,1 hora y 43 segundosprovoca que Lewandowski esté en buena situación y luego es un pase a la red.,1 hora y 43 segundosprovoca que Lewandowski esté en buena situación y luego es un pase a la red.,partido,
498,01:00:48,3648,"1 hora y 48 segundosLewandowski perpendicular al área es casi infalible. Claro, la duda es si está corto ahí llega. Pues habrá muchos madridistas que piensen que sí, ¿verdad?","1 hora y 48 segundosLewandowski perpendicular al área es casi infalible. Claro, la duda es si está corto ahí llega. Pues habrá muchos madridistas que piensen que sí, ¿verdad?",partido,
499,01:00:56,3656,1 hora y 56 segundosPues probablemente si tú lo dices es que ya lo ojo a Rafiña y Robert Lewandowski que ha logrado el,1 hora y 56 segundosPues probablemente si tú lo dices es que ya lo ojo a Rafiña y Robert Lewandowski que ha logrado el,partido,
500,01:01:04,3664,"01 13 goles y Marcasadó otro de los jugadores catalanes de este equipo, otro de los jugadores de la Masía, nacido en","01 13 goles y Marcasadó otro de los jugadores catalanes de este equipo, otro de los jugadores de la Masía, nacido en",partido,
501,01:01:13,3673,"San Piera de Vilamayó, donde deben estar tirando petardos y cohetes. ha metido un pase en su primer clásico en la liga","San Piera de Vilamayó, donde deben estar tirando petardos y cohetes. ha metido un pase en su primer clásico en la liga",partido,
502,01:01:23,3683,dando una asistencia de gol absolutamente brutal. Pues así está ahora el partido exigido el Real Madrid,dando una asistencia de gol absolutamente brutal. Pues así está ahora el partido exigido el Real Madrid,partido,
503,01:01:30,3690,y el Barça ahora a congelar un poquito con posiciones largas.,y el Barça ahora a congelar un poquito con posiciones largas.,partido,
504,01:01:35,3695,"Si antes te decía que Casado, si me dice que cuestaba 60 millones en verano, hubiera dicho, ""Qué buena inversión."" ha subido el precio, eh, después de de o","Si antes te decía que Casado, si me dice que cuestaba 60 millones en verano, hubiera dicho, ""Qué buena inversión."" ha subido el precio, eh, después de o",partido,
505,01:01:43,3703,"por lo menos lo que va de partido hoy y con el pase que da, eh, es que lleva dos el otro día en Champions, el pase que le mete a Rafiña y este que le mete a Robert Lewandowski.","por lo menos lo que va de partido hoy y con el pase que da, eh, es que lleva dos el otro día en Champions, el pase que le mete a Rafiña y este que le mete a Robert Lewandowski.",partido,
506,01:01:51,3711,"Ahora es Balde. Balde por el costado izquierdo, obligado a reaccionar el Real Madrid, pero Roberovskiquez. ¡Gol! ¡Gol!","Ahora es Balde. Balde por el costado izquierdo, obligado a reaccionar el Real Madrid, pero Roberovskiquez. ¡Gol! ¡Gol!",partido,
507,01:02:00,3720,1 hora y 2 minutos¡Gol! ¡Gol! ¡Gol! ¡Gol! ¡Gol! ¡Gol! ¡Gol! ¡Gol! ¡Gol! ¡Gol! ¡Gol! ¡Gol! ¡Gol! ¡Gol! ¡Gol! ¡Gol!,1 hora y 2 minutos¡Gol! ¡Gol! ¡Gol! ¡Gol! ¡Gol! ¡Gol! ¡Gol! ¡Gol! ¡Gol! ¡Gol! ¡Gol! ¡Gol! ¡Gol! ¡Gol! ¡Gol! ¡Gol!,partido,
508,01:02:06,3726,¡Gol! ¡Gol! ¡Gol!,¡Gol! ¡Gol! ¡Gol!,partido,
509,01:02:12,3732,Vaya par de azotes en una tormenta perfecta del Fútbol Club Barcelona con un nuevo centro lateral. No había,Vaya par de azotes en una tormenta perfecta del Fútbol Club Barcelona con un nuevo centro lateral. No había,partido,
510,01:02:20,3740,"recibido ni un solo balón en condiciones el cuadro culé a lo largo de los primeros 45 minutos. Y si quieres citarte con el gol, dale un toque al","recibido ni un solo balón en condiciones el cuadro culé a lo largo de los primeros 45 minutos. Y si quieres citarte con el gol, dale un toque al",partido,
511,01:02:29,3749,hombre que está guiñando el ojo. Dale un toque y un telefonazo a Robert Lewandowski que ha venido para marcar no uno sino de momento dos goles. Cómo le,hombre que está guiñando el ojo. Dale un toque y un telefonazo a Robert Lewandowski que ha venido para marcar no uno sino de momento dos goles. Cómo le,partido,
512,01:02:37,3757,flotan esto es increíble. Cómo le flotan a Robert Lewandowski que ha rematado casi a placer ese centro con música incorporada. Real Madrid 0 par dos.,flotan esto es increíble. Cómo le flotan a Robert Lewandowski que ha rematado casi a placer ese centro con música incorporada. Real Madrid 0 par dos.,partido,
513,01:02:48,3768,"El fútbol a veces que lo comento varias en otras retransmisiones, Jordi, contigo mucho, lo queremos complicar y muchas","El fútbol a veces que lo comento varias en otras retransmisiones, Jordi, contigo mucho, lo queremos complicar y muchas",partido,
514,01:02:57,3777,"veces lateralizar un balón, meter un buen centro a un delantero como Lewandowski es la mejor opción. también, vale, como dice Flick, ¿no? Eh, dicho lo","veces lateralizar un balón, meter un buen centro a un delantero como Lewandowski es la mejor opción. también, vale, como dice Flick, ¿no? Eh, dicho lo",partido,
515,01:03:06,3786,"cual, el Real Madrid tiene un problema de comunicación o de coordinación entre sus centrales. Hay más defensas que","cual, el Real Madrid tiene un problema de comunicación o de coordinación entre sus centrales. Hay más defensas que",partido,
516,01:03:14,3794,"atacantes y hay dos atacantes, los dos que había, solos y los cuatro defensas sin referencia. Yol, esto va a ser una auténtica locura","atacantes y hay dos atacantes, los dos que había, solos y los cuatro defensas sin referencia. Yol, esto va a ser una auténtica locura",partido,
517,01:03:23,3803,"porque si hay un equipo capaz de rematar eh partidos, ese es el Real Madrid.","porque si hay un equipo capaz de rematar eh partidos, ese es el Real Madrid.",partido,
518,01:03:28,3808,"Vinicius intenta Vinicius para, vamos a ver qué saque de esquina. Aquí tenemos la primera respuesta del equipo blanco.","Vinicius intenta Vinicius para, vamos a ver qué saque de esquina. Aquí tenemos la primera respuesta del equipo blanco.",partido,
519,01:03:36,3816,Este era el marcador ante el Borussia Dortmund.,Este era el marcador ante el Borussia Dortmund.,partido,
520,01:03:42,3822,"El gesto de Vinicius, 57 minutos y ahora mismo el Barça metiendo tierra de por medio con este 0 a 2 después de","El gesto de Vinicius, 57 minutos y ahora mismo el Barça metiendo tierra de por medio con este 0 a 2 después de",partido,
521,01:03:51,3831,[Música],[Música],partido,
522,01:03:53,3833,"la victoria en Champions ante el Bayern, ahora derrotando al Real Madrid, pero esto no se ha acabado. Robert Lewandowski para despejar ese balón con la testa. La va a sacar Camavinga para Lucas Vázquez. Otra vez para Camavinga.","la victoria en Champions ante el Bayern, ahora derrotando al Real Madrid, pero esto no se ha acabado. Robert Lewandowski para despejar ese balón con la testa. La va a sacar Camavinga para Lucas Vázquez. Otra vez para Camavinga.",partido,
523,01:04:04,3844,Ha llegado finalmente para sacar ese balón marcas. Ahí tenemos al jugador catalán del Fútbol Club Barcelona. Otro saque de esquina para el Real Madrid que,Ha llegado finalmente para sacar ese balón marcas. Ahí tenemos al jugador catalán del Fútbol Club Barcelona. Otro saque de esquina para el Real Madrid que,partido,
524,01:04:13,3853,"necesita sobre todo un gol que llegue ya si quiere remontar el partido Lucas Vázquez o no, veremos porque también puede remontar en el tiempo añadido como tantas veces ha hecho en la Champions.","necesita sobre todo un gol que llegue ya si quiere remontar el partido Lucas Vázquez o no, veremos porque también puede remontar en el tiempo añadido como tantas veces ha hecho en la Champions.",partido,
525,01:04:23,3863,Camavinga de nuevo abriendo juego a la izquierda para Lucas Vázquez. Cómo remataba incluso Hansy Flick. Vamos a,Camavinga de nuevo abriendo juego a la izquierda para Lucas Vázquez. Cómo remataba incluso Hansy Flick. Vamos a,partido,
526,01:04:31,3871,"ver cómo Ancelotti mueve ahora los suyos, porque eh un gol más ya sería la repera.","ver cómo Ancelotti mueve ahora los suyos, porque eh un gol más ya sería la repera.",partido,
527,01:04:39,3879,"Vemos a Camavinga por el costado izquierdo. Camavinga progresa, sigue Camavinga, aparece Juscondé, falta sobre el jugador francés.","Vemos a Camavinga por el costado izquierdo. Camavinga progresa, sigue Camavinga, aparece Juscondé, falta sobre el jugador francés.",partido,
528,01:04:48,3888,"Dicho lo cual, Jordi, el Barça estará muy contento, pero también estará preocupado porque el Real Madrid en esta media hora que falta un poco más la esta","Dicho lo cual, Jordi, el Barça estará muy contento, pero también estará preocupado porque el Real Madrid en esta media hora que falta un poco más la esta",partido,
529,01:04:58,3898,semana hizo cinco goles y el aficionado del Real Madrid dirá otra vez más.,semana hizo cinco goles y el aficionado del Real Madrid dirá otra vez más.,partido,
530,01:05:02,3902,"Bueno, este entra mucha suerte, pero es posible, por eso digo yo que este clásico lo hablamos fuera de micrófono, sí tenía muy buena pinta porque son dos","Bueno, este entra mucha suerte, pero es posible, por eso digo yo que este clásico lo hablamos fuera de micrófono, sí tenía muy buena pinta porque son dos",partido,
531,01:05:10,3910,"equipos muy valientes, extremadamente valientes. Fed de Valverde para meter ese balón. Ha despejado Robert Lewandowski.","equipos muy valientes, extremadamente valientes. Fed de Valverde para meter ese balón. Ha despejado Robert Lewandowski.",partido,
532,01:05:19,3919,Puede llegar Kilian Mbappé.,Puede llegar Kilian Mbappé.,partido,
533,01:05:24,3924,Mbappé metiendo ese balón atrás para Fede de Valverde. Valverde con Lucas Vázquez.,Mbappé metiendo ese balón atrás para Fede de Valverde. Valverde con Lucas Vázquez.,partido,
534,01:05:30,3930,"Intenta generar el Real Madrid, pero está bien plantado el cuadro.","Intenta generar el Real Madrid, pero está bien plantado el cuadro.",partido,
535,01:05:35,3935,Fed Valverde otra vez para Lucas Vázquez. Este a la derecha para Antonio Rudiger por el carril de interior para Fede de Valverde. Duda en si meter el,Fed Valverde otra vez para Lucas Vázquez. Este a la derecha para Antonio Rudiger por el carril de interior para Fede de Valverde. Duda en si meter el,partido,
536,01:05:44,3944,centro o abrir hacia Militao. No encuentra espacios el Real Madrid que está incómodo. Rudiguer el que acaba centrando. Balón para Venicio. Se le escapa el control Cín Corner.,centro o abrir hacia Militao. No encuentra espacios el Real Madrid que está incómodo. Rudiguer el que acaba centrando. Balón para Venicio. Se le escapa el control Cín Corner.,partido,
537,01:05:53,3953,"Bueno, desde el segundo gol atacando y buscando el 1-2. Sí, entra e en en la","Bueno, desde el segundo gol atacando y buscando el 1-2. Sí, entra e en en la",partido,
538,01:06:02,3962,"zona de confor Madrid que remontar, pero ojo, el rival no es el DMO, el rival es un equipo que está muy entero esta","zona de confor Madrid que remontar, pero ojo, el rival no es el DMO, el rival es un equipo que está muy entero esta",partido,
539,01:06:09,3969,"temporada creciendo y creciendo desde la juventud. Eh, Guilon Mbappé para meter ese balón dentro del área. Robert Lewandowski para el despeje. Camavinga otra vez para","temporada creciendo y creciendo desde la juventud. Eh, Guilon Mbappé para meter ese balón dentro del área. Robert Lewandowski para el despeje. Camavinga otra vez para",partido,
540,01:06:17,3977,Lucas Vázquez. Minuto 60. Carro Ancherotti de momento no prepara o no hace cambios. Venía del fuera del juego Vinicius. Mirar dónde estaba defendiendo,Lucas Vázquez. Minuto 60. Carro Ancherotti de momento no prepara o no hace cambios. Venía del fuera del juego Vinicius. Mirar dónde estaba defendiendo,partido,
541,01:06:26,3986,también Robert Lewandowski. El Barça juega como un equipo. El Real Madrid también lo intenta Mbappé. Iñaki Peña.,también Robert Lewandowski. El Barça juega como un equipo. El Real Madrid también lo intenta Mbappé. Iñaki Peña.,partido,
542,01:06:32,3992,"Iñaki Peña sin demasiadas dificultades, pero el disparo entre palos de Kilian Mbappé. Aquí vemos cómo se va de hasta","Iñaki Peña sin demasiadas dificultades, pero el disparo entre palos de Kilian Mbappé. Aquí vemos cómo se va de hasta",partido,
543,01:06:40,4000,dos jugadores y cómo golpea para que Ñaki Peña atrape el balón.,dos jugadores y cómo golpea para que Ñaki Peña atrape el balón.,partido,
544,01:06:44,4004,"Sí, ahora es también importante para Iñaki Peña el partido, como lo es para para Luning, eh, que yo en el primer gol Lewandowski me deja dudas, no que haya","Sí, ahora es también importante para Iñaki Peña el partido, como lo es para para Luning, eh, que yo en el primer gol Lewandowski me deja dudas, no que haya",partido,
545,01:06:52,4012,"cometido un error, sino en el pie de apoyo que tienes que utilizar ahí para llegar lejos. Tienes que utilizar el más cercano a donde va el balón y creo que","cometido un error, sino en el pie de apoyo que tienes que utilizar ahí para llegar lejos. Tienes que utilizar el más cercano a donde va el balón y creo que",partido,
546,01:07:00,4020,"1 hora y 7 minutosLuning utiliza el pie derecho y ahí con lo izquierdo ha llegado lejos a lo que voy. No puede hacer más. Es fallo, ¿no?","1 hora y 7 minutosLuning utiliza el pie derecho y ahí con lo izquierdo ha llegado lejos a lo que voy. No puede hacer más. Es fallo, ¿no?",partido,
547,01:07:07,4027,"Aquí lo vamos a ver. Fíjate, ¿no? Cómo se impulsa con el pie derecho más que con el izquierdo y por eso parece que no","Aquí lo vamos a ver. Fíjate, ¿no? Cómo se impulsa con el pie derecho más que con el izquierdo y por eso parece que no",partido,
548,01:07:16,4036,"llega muy lejos, que no llega casi a la base del poste, que era donde tenía que llegar ese balón. La definición de R Lewandowski.","llega muy lejos, que no llega casi a la base del poste, que era donde tenía que llegar ese balón. La definición de R Lewandowski.",partido,
549,01:07:24,4044,Ese salto de Andr Luning que no ha llegado a tiempo. Veíamos a Modric que estaba calentando en el banquillo. Yo creo que,Ese salto de Andr Luning que no ha llegado a tiempo. Veíamos a Modric que estaba calentando en el banquillo. Yo creo que,partido,
550,01:07:31,4051,"debería saltar al terreno del juego Luka Modric. Madrid necesita un tocador, necesita Esteban que que ponga un poco de orden a su juego.","debería saltar al terreno del juego Luka Modric. Madrid necesita un tocador, necesita Esteban que ponga un poco de orden a su juego.",partido,
551,01:07:40,4060,"Pues mira, yo en la primera parte pensaba, ¿no? Digo, si Modric está viendo, perdón, si Cross está viendo partido, dices, ""Madre mía, si tengo yo este espacio con la precisión que yo","Pues mira, yo en la primera parte pensaba, ¿no? Digo, si Modric está viendo, perdón, si Cross está viendo partido, dices, ""Madre mía, si tengo yo este espacio con la precisión que yo",partido,
552,01:07:49,4069,"tengo."" Bueno, pues el más parecido eh es Modri. Además, el otro día en Vigo fue capital para dar el pase decisivo a","tengo."" Bueno, pues el más parecido eh es Modri. Además, el otro día en Vigo fue capital para dar el pase decisivo a",partido,
553,01:07:58,4078,"a Vinicius. Está partido obviamente para él. Ahora Anchelotti tiene un problema, no a quien metes, sino a quién quitas.","a Vinicius. Está partido obviamente para él. Ahora Anchelotti tiene un problema, no a quien metes, sino a quién quitas.",partido,
554,01:08:04,4084,"Yo lo tengo claro, entre Choamini y y Camavinga es uno de los dos. Sí, sí, sí, porque Rodrigo no está sobre el terreno de juego porque está lesionado.","Yo lo tengo claro, entre Choamini y Camavinga es uno de los dos. Sí, sí, sí, porque Rodrigo no está sobre el terreno de juego porque está lesionado.",partido,
555,01:08:13,4093,Juega DeJong este para Kubarsí y ahora controlando las emociones y el partido del Barça con posiciones largas le está,Juega DeJong este para Kubarsí y ahora controlando las emociones y el partido del Barça con posiciones largas le está,partido,
556,01:08:22,4102,"diciend es que claro, es que está venciendo por ese marcador de cero goles a dos y bueno, va a intentar sacar de la","diciend es que claro, es que está venciendo por ese marcador de cero goles a dos y bueno, va a intentar sacar de la",partido,
557,01:08:29,4109,"cueva al Real Madrid en ese tipo de acciones. No es que el Madrid esté en la cueva ni mucho menos, pero que se adelante posiciones, mejor dicho, para","cueva al Real Madrid en ese tipo de acciones. No es que el Madrid esté en la cueva ni mucho menos, pero que se adelante posiciones, mejor dicho, para",partido,
558,01:08:37,4117,después intentar contragolpear. El partido está donde quiere Hans Flick y no donde quiere Carlos Anchelotti.,después intentar contragolpear. El partido está donde quiere Hans Flick y no donde quiere Carlos Anchelotti.,partido,
559,01:08:44,4124,"Aunque el Madrid ha sido mejor que el Barça en la primera parte, pero ha perdonado en los fueras de juego, uno detrás de otro. Y aquí es a lo que me","Aunque el Madrid ha sido mejor que el Barça en la primera parte, pero ha perdonado en los fueras de juego, uno detrás de otro. Y aquí es a lo que me",partido,
560,01:08:52,4132,"refiero, eh, Jordi, sabemos que Epichi se llama Lewandowski, que es un hombre","refiero, eh, Jordi, sabemos que Epichi se llama Lewandowski, que es un hombre",partido,
561,01:08:58,4138,"de área, de un contacto, eh, un central tiene que estar con él y el otro pues igual buscando otro punto, pero no puede","de área, de un contacto, eh, un central tiene que estar con él y el otro pues igual buscando otro punto, pero no puede",partido,
562,01:09:06,4146,"ser que haya un centro lateral y ninguno de dos centrales referencia al pichichi, que además se llama Lewandowski. Pues mira, eh, Chuamí abandona el terreno de","ser que haya un centro lateral y ninguno de dos centrales referencia al pichichi, que además se llama Lewandowski. Pues mira, eh, Chuamí abandona el terreno de",partido,
563,01:09:15,4155,"juego y Modric, el cambio que estaba, yo creo que anunciado.","juego y Modric, el cambio que estaba, yo creo que anunciado.",partido,
564,01:09:20,4160,"No me puedo apuntar nada y esto es A + B igual a C, ¿no?","No me puedo apuntar nada y esto es A + B igual a C, ¿no?",partido,
565,01:09:24,4164,"Correcto. La C de Modric al final de su apellido, a los 63 minutos, cero goles a dos. Yo creo que está bien hecho el","Correcto. La C de Modric al final de su apellido, a los 63 minutos, cero goles a dos. Yo creo que está bien hecho el",partido,
566,01:09:33,4173,cambio porque Modric puede aportar esa pausa que necesita quizás ese último pase e para intentar remontarle el partido al Fútbol Club Barcelona. 0-2.,cambio porque Modric puede aportar esa pausa que necesita quizás ese último pase e para intentar remontarle el partido al Fútbol Club Barcelona. 0-2.,partido,
567,01:09:45,4185,Fe de Valverde se desmarca en la parte baja de imagen Jud Bellingham. Tocó Rafiña. Ahí tenemos a Luka Modric. Don Luca Modric abriendo el cuero para Camavinga. Camavinga con Vinicius.,Fe de Valverde se desmarca en la parte baja de imagen Jud Bellingham. Tocó Rafiña. Ahí tenemos a Luka Modric. Don Luca Modric abriendo el cuero para Camavinga. Camavinga con Vinicius.,partido,
568,01:09:54,4194,Vinicius con el exterior. Buen balón para Killer Mbappé y Yagi Peña Modric. Y el balón va a salir fuera. Qué,Vinicius con el exterior. Buen balón para Killer Mbappé y Yagi Peña Modric. Y el balón va a salir fuera. Qué,partido,
569,01:10:02,4202,oportunidad ha tenido Killan Mbappé. Y se ha doctorado en esa intervención Iñaki Peña porque en esas salidas normalmente Iñaki Peña acaba recibiendo,oportunidad ha tenido Killan Mbappé. Y se ha doctorado en esa intervención Iñaki Peña porque en esas salidas normalmente Iñaki Peña acaba recibiendo,partido,
570,01:10:11,4211,"el gol, pero cómo le encimado, cómo se ha hecho enorme. Desmarque ruptura no había fuera de juego. Qué bien lo hace Killan Mbappé, pero sobre todo en el timing ya estaba ahí Ñaki Peña.","el gol, pero cómo le encimado, cómo se ha hecho enorme. Desmarque ruptura no había fuera de juego. Qué bien lo hace Killan Mbappé, pero sobre todo en el timing ya estaba ahí Ñaki Peña.",partido,
571,01:10:21,4221,"Eh, lo que hablamos del espacio, defender el espacio, Jordi, aquí no le das tiempo a Mbappé a que la pique. Muy importante lo que te digo, un portero en","Eh, lo que hablamos del espacio, defender el espacio, Jordi, aquí no le das tiempo a Mbappé a que la pique. Muy importante lo que te digo, un portero en",partido,
572,01:10:28,4228,"el Barça no tiene que parar bajo palos, tiene que defender un espacio. Lo dizo muy bien Enñak Peña, que insisto, necesita un escenario, un campo como el","el Barça no tiene que parar bajo palos, tiene que defender un espacio. Lo dizo muy bien Enñak Peña, que insisto, necesita un escenario, un campo como el",partido,
573,01:10:37,4237,"de hoy o algún europeo para él, que su figura crezca en torno a toda esta gente que acompaña al Barça y en torno a su figura.","de hoy o algún europeo para él, que su figura crezca en torno a toda esta gente que acompaña al Barça y en torno a su figura.",partido,
574,01:10:47,4247,Pues Dani Olmo va a ingresar al terreno de juego después de superar su lesión. Y aquí tenemos como no había fuera de juego en ese movimiento tan clásico de,Pues Dani Olmo va a ingresar al terreno de juego después de superar su lesión. Y aquí tenemos como no había fuera de juego en ese movimiento tan clásico de,partido,
575,01:10:55,4255,Robert Lewandowski que se coloca así precisamente para acelerar y no entrar en fuera de juego. Marcasado eh ha ido y,Robert Lewandowski que se coloca así precisamente para acelerar y no entrar en fuera de juego. Marcasado eh ha ido y,partido,
576,01:11:02,4262,le ha dejado su sitio a Dani Olmo. Dani Olmo que acaba de saltar al terreno de juego. La Minam Mal desde la frontal del área. Intenta ahora el Barça en algunas,le ha dejado su sitio a Dani Olmo. Dani Olmo que acaba de saltar al terreno de juego. La Minam Mal desde la frontal del área. Intenta ahora el Barça en algunas,partido,
577,01:11:11,4271,acciones parece desbocado. Está sobrevolando a su víctima para intentarle otra otra acción de gol. Pero Modric,acciones parece desbocado. Está sobrevolando a su víctima para intentarle otra otra acción de gol. Pero Modric,partido,
578,01:11:19,4279,"deja ese balón para Killer, Mbappé y de nuevo Ñaqui Peña muy atento para salvar y para despejar ese balón. Hacía tiempo","deja ese balón para Killer, Mbappé y de nuevo Ñaqui Peña muy atento para salvar y para despejar ese balón. Hacía tiempo",partido,
579,01:11:26,4286,"Esteban, te digo, y con este son 59 los clásicos que he narrado, pues que no veía una cosa así. Mbappé, Mbappé,","Esteban, te digo, y con este son 59 los clásicos que he narrado, pues que no veía una cosa así. Mbappé, Mbappé,",partido,
580,01:11:35,4295,Mbappé en fuera de juego. Otro fuera de juego de Kilian Mbappé.,Mbappé en fuera de juego. Otro fuera de juego de Kilian Mbappé.,partido,
581,01:11:44,4304,"Vamos a a verlo, ¿eh? Sí, sí, pero que no lo ve.","Vamos a a verlo, ¿eh? Sí, sí, pero que no lo ve.",partido,
582,01:11:49,4309,"Pero mira, eh hombre, no no no queda bien que lo diga yo, que encima fui portero, que nunca me veía ahí, pero si pones la imagen del gol de Lewandowski,","Pero mira, eh hombre, no no no queda bien que lo diga yo, que encima fui portero, que nunca me veía ahí, pero si pones la imagen del gol de Lewandowski,",partido,
583,01:11:57,4317,"su gesto, cómo está por detrás del defensa, oteando al defensa él y haciendo desmarctura por detrás con esta","su gesto, cómo está por detrás del defensa, oteando al defensa él y haciendo desmarctura por detrás con esta",partido,
584,01:12:05,4325,Mbappé que es está un poco entre comillas ansioso.,Mbappé que es está un poco entre comillas ansioso.,partido,
585,01:12:08,4328,"Sí, eh, balo para Rafiña, puede caer otro. Rafiña para Rabel Lewandowski, al palo, al palo. Rabel Lewandowski era la sentencia definitiva. Ay, ay, ay, ay,","Sí, eh, balo para Rafiña, puede caer otro. Rafiña para Rabel Lewandowski, al palo, al palo. Rabel Lewandowski era la sentencia definitiva. Ay, ay, ay, ay,",partido,
586,01:12:16,4336,"ay, ay. Y cuando perdonas al Real Madrid, esto puede significar un punto de inflexión, porque Robert Lewandowski","ay, ay. Y cuando perdonas al Real Madrid, esto puede significar un punto de inflexión, porque Robert Lewandowski",partido,
587,01:12:24,4344,podría haber enviado ese balón al fondo de la portería en ese contragolpe letal.,podría haber enviado ese balón al fondo de la portería en ese contragolpe letal.,partido,
588,01:12:30,4350,"Libre de marcar Robert Lewandowski, Puñal Rafiña, balón al palo.","Libre de marcar Robert Lewandowski, Puñal Rafiña, balón al palo.",partido,
589,01:12:34,4354,"Pues que en el fútbol como toda la vida, o cualquier deporte cuando no lo haces al 100%, cuando tienes el mínimo","Pues que en el fútbol como toda la vida, o cualquier deporte cuando no lo haces al 100%, cuando tienes el mínimo",partido,
590,01:12:40,4360,"relajación, Jordi, puedes fallar. Hasta los mejores del mundo pueden fallar cuando pierden un poquito de intensidad.","relajación, Jordi, puedes fallar. Hasta los mejores del mundo pueden fallar cuando pierden un poquito de intensidad.",partido,
591,01:12:47,4367,"Creo que Lewandowski aquí remató como era tan fácil, pues con un poquito menos de intensidad que necesita ese remate, ¿no?","Creo que Lewandowski aquí remató como era tan fácil, pues con un poquito menos de intensidad que necesita ese remate, ¿no?",partido,
592,01:12:54,4374,Yo creo que ahí Lewandowski celebró el gol antes de rematar el balón.,Yo creo que ahí Lewandowski celebró el gol antes de rematar el balón.,partido,
593,01:12:58,4378,"Sí, es posible, es posible. Nos ha pasado a todos. Lo que pasa que si me pasaba a mí iba para para la jaula el balón, ¿eh?","Sí, es posible, es posible. Nos ha pasado a todos. Lo que pasa que si me pasaba a mí iba para para la jaula el balón, ¿eh?",partido,
594,01:13:04,4384,"Hubiera sido hattrick, que es lo que debe estar pensando ahora Robert Lewandowski. Esto puede armar ahora la contra del Real Madrid. Vinicius corriendo desde el costado izquierdo.","Hubiera sido hattrick, que es lo que debe estar pensando ahora Robert Lewandowski. Esto puede armar ahora la contra del Real Madrid. Vinicius corriendo desde el costado izquierdo.",partido,
595,01:13:12,4392,"Vini, Vini, Vini, Vini, Vini, Vini, Vini, Vini para meter el centro. Iñaki Peña atrapando el balón. No debería precipitarse el Real Madrid.","Vini, Vini, Vini, Vini, Vini, Vini, Vini, Vini para meter el centro. Iñaki Peña atrapando el balón. No debería precipitarse el Real Madrid.",partido,
596,01:13:21,4401,"Aquí vamos a ver el balón que le llega a Kilan Mbappé. Es que es un fuera de juego, eh, de 3 4 met.","Aquí vamos a ver el balón que le llega a Kilan Mbappé. Es que es un fuera de juego, eh, de 3 4 met.",partido,
597,01:13:28,4408,"Sí. Y sobre todo con mucho espacio, Jordi, todavía a la portería, ¿no? Que digas tú, bueno, yo con lo rápido que yo soy, porque para mí estás hablando de","Sí. Y sobre todo con mucho espacio, Jordi, todavía a la portería, ¿no? Que digas tú, bueno, yo con lo rápido que yo soy, porque para mí estás hablando de",partido,
598,01:13:37,4417,"los jugadores más rápidos con balón, con Vinicius, etcétera, esperar, si a veces esperar un poquito que acerca al al gol.","los jugadores más rápidos con balón, con Vinicius, etcétera, esperar, si a veces esperar un poquito que acerca al al gol.",partido,
599,01:13:45,4425,Será balón para el equipo blanco.,Será balón para el equipo blanco.,partido,
600,01:13:49,4429,"Necesita un gol el Madrid, sobre todo también para conectar, reconectar con la grada y que esa energía aparezca también desde la grada, ese punto de inflexión","Necesita un gol el Madrid, sobre todo también para conectar, reconectar con la grada y que esa energía aparezca también desde la grada, ese punto de inflexión",partido,
601,01:13:58,4438,"donde hay un momento en este estadio que aunque ha pasado ya tantas veces no tiene antídoto, que es un momento donde hay un click y el Real Madrid se","donde hay un momento en este estadio que aunque ha pasado ya tantas veces no tiene antídoto, que es un momento donde hay un click y el Real Madrid se",partido,
602,01:14:07,4447,"transforma y los equipos van pasando uno detrás de otro y y no cualquiera porque me acuerdo del PSG, me acuerdo del City. El otro día","transforma y los equipos van pasando uno detrás de otro y no cualquiera porque me acuerdo del PSG, me acuerdo del City. El otro día",partido,
603,01:14:15,4455,"Dortmund, por ejemplo, Rafiña, balón para la niña. Mal está solo Robert Lewandowski, hacia él va el balón. Robert Lewandowski controla y la","Dortmund, por ejemplo, Rafiña, balón para la niña. Mal está solo Robert Lewandowski, hacia él va el balón. Robert Lewandowski controla y la",partido,
604,01:14:22,4462,"acaba cambiando arriba. Está perdonando el Barça, está perdonando el equipo de Hansy Flick y Robert Lewandowski que ha tenido otra oportunidad.","acaba cambiando arriba. Está perdonando el Barça, está perdonando el equipo de Hansy Flick y Robert Lewandowski que ha tenido otra oportunidad.",partido,
605,01:14:31,4471,"Está vivo todavía el Real Madrid. Tres para el equipo blanco, seis para el equipo culé, 02 en el marcador. Insisto,","Está vivo todavía el Real Madrid. Tres para el equipo blanco, seis para el equipo culé, 02 en el marcador. Insisto,",partido,
606,01:14:41,4481,"amigos, amigas, hacía mucho tiempo que no veía un clásico tan disputado. Eso es falta de Kundé. Va a ser cartulina amarilla para Vinicius.","amigos, amigas, hacía mucho tiempo que no veía un clásico tan disputado. Eso es falta de Kundé. Va a ser cartulina amarilla para Vinicius.",partido,
607,01:14:49,4489,"Sí, más allá de los colores de unos aficionados u otros, eh, y del resultado final, que no me atrevo a decir cuál es","Sí, más allá de los colores de unos aficionados u otros, eh, y del resultado final, que no me atrevo a decir cuál es",partido,
608,01:14:57,4497,"por conociendo los antecedentes de Madrid en este estadio y tan recientes, creo que el que sea neutral o amante del","por conociendo los antecedentes de Madrid en este estadio y tan recientes, creo que el que sea neutral o amante del",partido,
609,01:15:04,4504,"fútbol tiene que disfrutar mucho de de nuestra liga, de nuestros dos máximos exponentes, por valientes, por os mirar","fútbol tiene que disfrutar mucho de nuestra liga, de nuestros dos máximos exponentes, por valientes, por os mirar",partido,
610,01:15:11,4511,la portería rival mucho más que la suya propia. Y esto todo en un clásico que hay muchos juegos que son ahora mismo seis puntos de diferencia. Yo con la veras.,la portería rival mucho más que la suya propia. Y esto todo en un clásico que hay muchos juegos que son ahora mismo seis puntos de diferencia. Yo con la veras.,partido,
611,01:15:21,4521,Vamos a ver. Iñaki Peña se está doctorando hoy Iñaki Peña en un duelo.,Vamos a ver. Iñaki Peña se está doctorando hoy Iñaki Peña en un duelo.,partido,
612,01:15:27,4527,"La gestión, insisto, de Hansy Flick manteniéndole con la llegada de Chesny.","La gestión, insisto, de Hansy Flick manteniéndole con la llegada de Chesny.",partido,
613,01:15:32,4532,"Y hoy Enñaki Peña está haciendo una cosa que hasta ahora no hacía, que era salir muy bien. Hasta el momento lo está haciendo perfecto Luca Modric para meter ese balón. Ah.","Y hoy Enñaki Peña está haciendo una cosa que hasta ahora no hacía, que era salir muy bien. Hasta el momento lo está haciendo perfecto Luca Modric para meter ese balón. Ah.",partido,
614,01:15:42,4542,[Aplausos],[Aplausos],partido,
615,01:15:44,4544,"Pero se le ha escurrido. Tiene demasiada prisa. Hay normal, hay ansiedad en los jugadores blancos. Qué balón ha metido Luka Modric.","Pero se le ha escurrido. Tiene demasiada prisa. Hay normal, hay ansiedad en los jugadores blancos. Qué balón ha metido Luka Modric.",partido,
616,01:15:52,4552,Yo yo creo que Modric es ¿Qué hace ahí Binga? ¿Por qué no remata?,Yo yo creo que Modric es ¿Qué hace ahí Binga? ¿Por qué no remata?,partido,
617,01:15:56,4556,"Creo que quiere controlar, amortiguarla, no acaba de de de de reaccionar bien, pero si hablamos de Modri, eh, creo que dignifica la profesión del futbolista.","Creo que quiere controlar, amortiguarla, no acaba de reaccionar bien, pero si hablamos de Modri, eh, creo que dignifica la profesión del futbolista.",partido,
618,01:16:06,4566,"Eh, juegue en el equipo que juegue. Dani Ololmo intentando filtrar.","Eh, juegue en el equipo que juegue. Dani Ololmo intentando filtrar.",partido,
619,01:16:09,4569,Providencia Luka Modric. Balón para Robert Lewandowski. Cómo le ha acercado el balón a la Ninja mal. Demasiado porque le da tiempo a Mendi. Pero,Providencia Luka Modric. Balón para Robert Lewandowski. Cómo le ha acercado el balón a la Ninja mal. Demasiado porque le da tiempo a Mendi. Pero,partido,
620,01:16:16,4576,"vertiginoso, tremendamente vertical el Fútbol Club Barcelona. 70 minutos de partido, cer goles a dos.","vertiginoso, tremendamente vertical el Fútbol Club Barcelona. 70 minutos de partido, cer goles a dos.",partido,
621,01:16:23,4583,"Si el Madrid mete un gol, el Barça va a sufrir de Olindo. Modric para filtrar.","Si el Madrid mete un gol, el Barça va a sufrir de Olindo. Modric para filtrar.",partido,
622,01:16:29,4589,"Ahí no corre ya Killan Mbappé. Saliñaqui Peña aplaude. Jugar, jugar está diciendo","Ahí no corre ya Killan Mbappé. Saliñaqui Peña aplaude. Jugar, jugar está diciendo",partido,
623,01:16:36,4596,"ahí Carlos Ancelotti. se le pide a Luca, a Luka Modric, eh, que insista con esos pases, ¿no? Y me encantó el gesto de de","ahí Carlos Ancelotti. se le pide a Luca, a Luka Modric, eh, que insista con esos pases, ¿no? Y me encantó el gesto de",partido,
624,01:16:45,4605,Ñigo Martínez hacia Kubarí aplaudiendo gesto de valentía de un chico de 17 años que juega de central en un Barcelona a 30 m de tu portería o más.,Ñigo Martínez hacia Kubarí aplaudiendo gesto de valentía de un chico de 17 años que juega de central en un Barcelona a 30 m de tu portería o más.,partido,
625,01:16:54,4614,Mirad aquí el balón que va a acabar arriba de Robert Lewandowski. El pase de la Minamal tunelando a Mendy.,Mirad aquí el balón que va a acabar arriba de Robert Lewandowski. El pase de la Minamal tunelando a Mendy.,partido,
626,01:17:03,4623,Qué control de Robert Lewandowski. Los controles de Robert Lewandowski son poesía pura. Aquí el remate no tanto porque se estrella en el palo. Dani,Qué control de Robert Lewandowski. Los controles de Robert Lewandowski son poesía pura. Aquí el remate no tanto porque se estrella en el palo. Dani,partido,
627,01:17:11,4631,"Olmo, la croqueta no le sale delante de Shut Belinga. Buen balón para Kilan Mbappé que controla. Vamos a ver. La tiene el Real Madrid Mbappé. Iñai Peña","Olmo, la croqueta no le sale delante de Shut Belinga. Buen balón para Kilan Mbappé que controla. Vamos a ver. La tiene el Real Madrid Mbappé. Iñai Peña",partido,
628,01:17:19,4639,"con el pie derecho. Có aguantado históricamente Iñaki Peña, el portero alegantino del Fútbol Club Barcelona con ese golpeo.","con el pie derecho. Có aguantado históricamente Iñaki Peña, el portero alegantino del Fútbol Club Barcelona con ese golpeo.",partido,
629,01:17:29,4649,Y Kilan Mbappé que no logra marcar de momento. Vinicius. Vinicios intentando meter el centro.,Y Kilan Mbappé que no logra marcar de momento. Vinicius. Vinicios intentando meter el centro.,partido,
630,01:17:37,4657,Dani Olmo con la cabeza fuera de juego.,Dani Olmo con la cabeza fuera de juego.,partido,
631,01:17:40,4660,Qué parada de Iñaki Peña retorciéndose y sobre todo aguantando el disparo de Kilian Mbappé. Pues,Qué parada de Iñaki Peña retorciéndose y sobre todo aguantando el disparo de Kilian Mbappé. Pues,partido,
632,01:17:49,4669,"a veces tu carrera la marca un partido o un momento y Peña puede ser este, ¿no?","a veces tu carrera la marca un partido o un momento y Peña puede ser este, ¿no?",partido,
633,01:17:55,4675,"Para él sobre todo, pero sobre todo para su entorno más cercano que hablo de aficionados, plantilla y todos los que","Para él sobre todo, pero sobre todo para su entorno más cercano que hablo de aficionados, plantilla y todos los que",partido,
634,01:18:02,4682,opinan sobre el fútbol club Barcelona sobre Ñaqui Peña. Es un escenario idílico para hacer un gran partido.,opinan sobre el fútbol club Barcelona sobre Ñaqui Peña. Es un escenario idílico para hacer un gran partido.,partido,
635,01:18:09,4689,"Se está doctorando Iñaki Peña. Problemas físicos para Rafiña, sobre todo porque es que nadie creía que Hansy Flick iba a","Se está doctorando Iñaki Peña. Problemas físicos para Rafiña, sobre todo porque es que nadie creía que Hansy Flick iba a",partido,
636,01:18:17,4697,"mantener a Iñaki Peña en la en la portería. Todo el mundo daba por hecho, menos tú. Tú sí que lo creías. Yo sigo defendiendo que que jugar el Barça de","mantener a Iñaki Peña en la en la portería. Todo el mundo daba por hecho, menos tú. Tú sí que lo creías. Yo sigo defendiendo que jugar el Barça de",partido,
637,01:18:26,4706,"portero es muy complicado y no todo el mundo tiene esa capacidad, ¿no?","portero es muy complicado y no todo el mundo tiene esa capacidad, ¿no?",partido,
638,01:18:31,4711,"Y el público, yo creo que se está sorprendiendo. Ñakiqui Peña se metió un partidazo contra el Barça defendiendo la portería del Galatasaray cuando estaba cedido, pero el año pasado no anduvo del","Y el público, yo creo que se está sorprendiendo. Ñakiqui Peña se metió un partidazo contra el Barça defendiendo la portería del Galatasaray cuando estaba cedido, pero el año pasado no anduvo del",partido,
639,01:18:40,4720,"todo bien. Pero Hansy Flick está, pues eso, convenciendo y dotando a los jugadores del Barça de mecanismos para","todo bien. Pero Hansy Flick está, pues eso, convenciendo y dotando a los jugadores del Barça de mecanismos para",partido,
640,01:18:49,4729,para ser otro equipo. Comenzando por Rafiña que míralo Rafiña por el costado izquierdo. Le aclara el espacio Robert Lewandowski. Se ha equivocado Rafiña. Se,para ser otro equipo. Comenzando por Rafiña que míralo Rafiña por el costado izquierdo. Le aclara el espacio Robert Lewandowski. Se ha equivocado Rafiña. Se,partido,
641,01:18:57,4737,ha equivocado Rafiña. Se la lleva finalmente Camavinga. Balón atrás hacia André Luni.,ha equivocado Rafiña. Se la lleva finalmente Camavinga. Balón atrás hacia André Luni.,partido,
642,01:19:04,4744,Andr Lun con el balón. El Barça presionante. Lun sacando para Mendí. Va a llegar Pedri.,Andr Lun con el balón. El Barça presionante. Lun sacando para Mendí. Va a llegar Pedri.,partido,
643,01:19:11,4751,"Ahí es donde el Barça intenta hacerse también más fuerte todavía, dificultando la salida de balón del equipo blanco.","Ahí es donde el Barça intenta hacerse también más fuerte todavía, dificultando la salida de balón del equipo blanco.",partido,
644,01:19:18,4758,Mirar a la Minam Mal. Lunin se va a equivocar. Toca ya Balde. Otra recuperación. Rafiña. Otra recuperación ahora por parte de CD Valverde.,Mirar a la Minam Mal. Lunin se va a equivocar. Toca ya Balde. Otra recuperación. Rafiña. Otra recuperación ahora por parte de CD Valverde.,partido,
645,01:19:27,4767,"Y ese hambre que tiene este Barça presionando tan arriba, eso sobra de Hans Flick. Sin lugar a dudas.","Y ese hambre que tiene este Barça presionando tan arriba, eso sobra de Hans Flick. Sin lugar a dudas.",partido,
646,01:19:34,4774,"No hay otro, Jordi. Convencer a los jugadores de hacer algo antes del resultado y a través de de de un","No hay otro, Jordi. Convencer a los jugadores de hacer algo antes del resultado y a través de un",partido,
647,01:19:43,4783,"entrenador convencido y jugadores que siguen a su entrenador, llegan los resultados. Normalmente tú haces las cosas después del resultado, vas innovando. No, no. Hashfle innovó antes del resultado.","entrenador convencido y jugadores que siguen a su entrenador, llegan los resultados. Normalmente tú haces las cosas después del resultado, vas innovando. No, no. Hashfle innovó antes del resultado.",partido,
648,01:19:54,4794,"Le ha salido bien su táctica que eran acierto de Isma la Porta, que era su apuesta no solo para esta temporada sino ya hace algunos años. Dani Almo con el","Le ha salido bien su táctica que eran acierto de Isma la Porta, que era su apuesta no solo para esta temporada sino ya hace algunos años. Dani Almo con el",partido,
649,01:20:02,4802,balón. Ahí tenemos al internacional español tocando el cuero. Otro de los jugadores que ha salido de la cantera del Fútbol Club Barcelona. Volvemos a,balón. Ahí tenemos al internacional español tocando el cuero. Otro de los jugadores que ha salido de la cantera del Fútbol Club Barcelona. Volvemos a,partido,
650,01:20:10,4810,"repetir, la mayoría de jugadores ahora mismo, aunque se ha ido eh Fermini, está Franky","repetir, la mayoría de jugadores ahora mismo, aunque se ha ido eh Fermini, está Franky",partido,
651,01:20:17,4817,"de John, ¿no? Ahora, pero con mucho protagonismo en el cuadro culé, que ahora está gestionando muy bien el","de John, ¿no? Ahora, pero con mucho protagonismo en el cuadro culé, que ahora está gestionando muy bien el",partido,
652,01:20:26,4826,"encuentro, tocando y tocando y el Real Madrid que quiere llegar a la portería contraria. Ñigo Martínez se ha","encuentro, tocando y tocando y el Real Madrid que quiere llegar a la portería contraria. Ñigo Martínez se ha",partido,
653,01:20:33,4833,"equivocado, ha levantado la pierna, se ha llevado por delante a Militao. Va a ser cartulina amarilla clarísima para Ñigo Martínez.","equivocado, ha levantado la pierna, se ha llevado por delante a Militao. Va a ser cartulina amarilla clarísima para Ñigo Martínez.",partido,
654,01:20:40,4840,"Sí, sí, muy clara al lado del asistente.","Sí, sí, muy clara al lado del asistente.",partido,
655,01:20:43,4843,"Levanta mucho la pierna. Hay tarjeta, hay contacto, me parece, a mí me pareció","Levanta mucho la pierna. Hay tarjeta, hay contacto, me parece, a mí me pareció",partido,
656,01:20:50,4850,"en primera imagen ahí me parece incluso no habiendo contacto, Jordi, presentar así la plancha para mí ya es tarjeta","en primera imagen ahí me parece incluso no habiendo contacto, Jordi, presentar así la plancha para mí ya es tarjeta",partido,
657,01:20:57,4857,"amarilla. Dicho lo cual la temporada y el partido de Ño Martínez este año es de un lado de matrícula de honor, un lado.","amarilla. Dicho lo cual la temporada y el partido de Ño Martínez este año es de un lado de matrícula de honor, un lado.",partido,
658,01:21:04,4864,"75 minutos. Acción, balón parado, don Luka Modric para meter el centro","75 minutos. Acción, balón parado, don Luka Modric para meter el centro",partido,
659,01:21:13,4873,"y ahí Ñaki Peña que está comentando alguna cosa. Ken Mbappé falla en el control, sin problemas para Ñakiqui Peña que acaba blocando. Kilian Mbappé","y ahí Ñaki Peña que está comentando alguna cosa. Ken Mbappé falla en el control, sin problemas para Ñakiqui Peña que acaba blocando. Kilian Mbappé",partido,
660,01:21:21,4881,"ansioso Kilian Mbappé Ibrahim que va a saltar al terreno de juego, revolucionario en el equipo de Carlos Ancelotti. Mueve ficha el técnico","ansioso Kilian Mbappé Ibrahim que va a saltar al terreno de juego, revolucionario en el equipo de Carlos Ancelotti. Mueve ficha el técnico",partido,
661,01:21:29,4889,"italiano del Real Madrid. Juega Jus Coné. Balón para Pedri. Otra vez para el jugador francés. llega antes Feed de Valverde. Mendí en propia parcela para Rudiger, de nuevo Fe de Valverde.","italiano del Real Madrid. Juega Jus Coné. Balón para Pedri. Otra vez para el jugador francés. llega antes Feed de Valverde. Mendí en propia parcela para Rudiger, de nuevo Fe de Valverde.",partido,
662,01:21:39,4899,"Tenemos al jugador uruguayo tocando el balón para Camavinga. Otra vez corría Kilan Mbappé, pero estaba ocupando el mismo sitio que Shut Bellingham.","Tenemos al jugador uruguayo tocando el balón para Camavinga. Otra vez corría Kilan Mbappé, pero estaba ocupando el mismo sitio que Shut Bellingham.",partido,
663,01:21:47,4907,Vinicios va a llegar Paco Baré. Ha tocado balón. Ha tocado balón Paco Baré. Otra acción de precisión quirúrgica.,Vinicios va a llegar Paco Baré. Ha tocado balón. Ha tocado balón Paco Baré. Otra acción de precisión quirúrgica.,partido,
664,01:21:55,4915,Frenky de Jong. Otro que se está doctorando como Pauco Barí. Corre Pedri.,Frenky de Jong. Otro que se está doctorando como Pauco Barí. Corre Pedri.,partido,
665,01:21:59,4919,"Camavinga le persigue, le quiere derribar. Balón para Robert Lewandowski. A tocar de primera para Dani Olmo.","Camavinga le persigue, le quiere derribar. Balón para Robert Lewandowski. A tocar de primera para Dani Olmo.",partido,
666,01:22:04,4924,"Rafiña tira el desmarque ruptura. Cairía en fuera de juego. Hace bien, yo creo, el Barça de temporizar un poquito y volver a empezar porque va por delante","Rafiña tira el desmarque ruptura. Cairía en fuera de juego. Hace bien, yo creo, el Barça de temporizar un poquito y volver a empezar porque va por delante",partido,
667,01:22:12,4932,"en el marcador con cero goles a dos. Qué acción de Pacoí. Aunque hay contacto a posteriori, ¿eh?","en el marcador con cero goles a dos. Qué acción de Pacoí. Aunque hay contacto a posteriori, ¿eh?",partido,
668,01:22:18,4938,"Hay contacto a posteriori, pero es es producto de la inercia y el fútbol hay inercias.","Hay contacto a posteriori, pero es es producto de la inercia y el fútbol hay inercias.",partido,
669,01:22:23,4943,Bilitao buscando sorprender a Ñaki Peña que tenía también la situación controlada. juega adelantado. Saque de,Bilitao buscando sorprender a Ñaki Peña que tenía también la situación controlada. juega adelantado. Saque de,partido,
670,01:22:30,4950,"puerta, balón de puerta para el equipo catalán que sigue defendiendo ese 0 a dos. Se va Camavinga Brahim Alruedo.","puerta, balón de puerta para el equipo catalán que sigue defendiendo ese 0 a dos. Se va Camavinga Brahim Alruedo.",partido,
671,01:22:40,4960,"Sí, bueno, Chelotti tampoco lo sorprende mucho. Aquí la noticia sería que entrase, eh, mira, fíjate como el","Sí, bueno, Chelotti tampoco lo sorprende mucho. Aquí la noticia sería que entrase, eh, mira, fíjate como el",partido,
672,01:22:47,4967,"desmarque, cómo Levantowski tiene y aquí controla, mira y ahí fíjate que Lunin, digamos, no","desmarque, cómo Levantowski tiene y aquí controla, mira y ahí fíjate que Lunin, digamos, no",partido,
673,01:22:56,4976,"recorta el espacio, no se impulsa, no no coge impulso. ¿Por qué? Porque bate su su impulso más fuerte lo hace con la","recorta el espacio, no se impulsa, no no coge impulso. ¿Por qué? Porque bate su su impulso más fuerte lo hace con la",partido,
674,01:23:03,4983,"pierna derecha. Es decir, no recortas Rafiña que controla ese balón, se planta en el centro del campo. Sigue Rafiña.","pierna derecha. Es decir, no recortas Rafiña que controla ese balón, se planta en el centro del campo. Sigue Rafiña.",partido,
675,01:23:09,4989,Rafiña para la máquinamal.,Rafiña para la máquinamal.,partido,
676,01:23:19,4999,"Gol de crack, gol de tremendo futbolista. La viña mal a lo grande. ¡Qué gol!","Gol de crack, gol de tremendo futbolista. La viña mal a lo grande. ¡Qué gol!",partido,
677,01:23:26,5006,Qué golazo de la Viñal que acaba de firmar uno de los goles en territorio enemigo más,Qué golazo de la Viñal que acaba de firmar uno de los goles en territorio enemigo más,partido,
678,01:23:35,5015,bonitos del Barça esta temporada. ¡Qué golazo de la Viña Val! Con personalidad para clavarle el tercero al equipo,bonitos del Barça esta temporada. ¡Qué golazo de la Viña Val! Con personalidad para clavarle el tercero al equipo,partido,
679,01:23:43,5023,"blanco. ¡Qué golazo de este jugador diferencial! Quiere ser una leyenda y va camino de hacerlo. Real Madrid 0, Barça","blanco. ¡Qué golazo de este jugador diferencial! Quiere ser una leyenda y va camino de hacerlo. Real Madrid 0, Barça",partido,
680,01:23:52,5032,3. Colazo de la Minam Mal que se ha inventado una acción al alcance de muy pocos jugadores y lo vamos a ver,3. Colazo de la Minam Mal que se ha inventado una acción al alcance de muy pocos jugadores y lo vamos a ver,partido,
681,01:24:00,5040,1 hora y 24 minutosrepetido con ese golpeo. El Barça también juega directo de vez en cuando.,1 hora y 24 minutosrepetido con ese golpeo. El Barça también juega directo de vez en cuando.,partido,
682,01:24:04,5044,¿Cómo ataca ese balón Rafiña? Y ahí se la va a dejar a la mill. ¿Qué hace esto?,¿Cómo ataca ese balón Rafiña? Y ahí se la va a dejar a la mill. ¿Qué hace esto?,partido,
683,01:24:09,5049,"Es un golazo, no lo esperaba nadie y la acaba metiendo casi casi casi casi por el tragaluz y además con su pierna en","Es un golazo, no lo esperaba nadie y la acaba metiendo casi casi casi casi por el tragaluz y además con su pierna en",partido,
684,01:24:17,5057,"principio menos buena. ¡Qué golazo de la Miña mal! Madrid 0, Barça 3.","principio menos buena. ¡Qué golazo de la Miña mal! Madrid 0, Barça 3.",partido,
685,01:24:23,5063,"Sí, tiene dos piernas, una excelente y otra muy buena. Y con la muy buena hace goles un golazo, ¿eh? Porque fíjate en","Sí, tiene dos piernas, una excelente y otra muy buena. Y con la muy buena hace goles un golazo, ¿eh? Porque fíjate en",partido,
686,01:24:29,5069,"velocidad como eh controla muy bien la velocidad del balón, su equilibrio corporal para golpear. Dicho todo esto,","velocidad como eh controla muy bien la velocidad del balón, su equilibrio corporal para golpear. Dicho todo esto,",partido,
687,01:24:37,5077,"es un pase largo que no tiene que estar prohibidos los pases largos, por mucho que sea el Barça. Prolongación de Lewandowski, conducción de la Miña y gol","es un pase largo que no tiene que estar prohibidos los pases largos, por mucho que sea el Barça. Prolongación de Lewandowski, conducción de la Miña y gol",partido,
688,01:24:45,5085,"de la Miñama. Cuatro toques o cuatro jugadores para hacer un gol. El fútbol también los pases largos valen, ¿eh, Jordi?","de la Miñama. Cuatro toques o cuatro jugadores para hacer un gol. El fútbol también los pases largos valen, ¿eh, Jordi?",partido,
689,01:24:53,5093,"Sí, sí, sí, sí. Es ahí se lleva un viaje Robert Lewandowski, la acción de Militao y Sánchez Martínez que señala la falta.","Sí, sí, sí, sí. Es ahí se lleva un viaje Robert Lewandowski, la acción de Militao y Sánchez Martínez que señala la falta.",partido,
690,01:25:03,5103,"Eh, es un golpe de autoridad del Barça después de unos años realmente complicados.","Eh, es un golpe de autoridad del Barça después de unos años realmente complicados.",partido,
691,01:25:11,5111,[Música],[Música],partido,
692,01:25:12,5112,"Insisto, porque ahora mismo el Barça, yo creo que es uno de los mejores equipos, el más en forma","Insisto, porque ahora mismo el Barça, yo creo que es uno de los mejores equipos, el más en forma",partido,
693,01:25:21,5121,"en el planeta Tierra futbolístico, porque hoy viene a derrotar, aunque quedan todavía unos minutos, nada más y","en el planeta Tierra futbolístico, porque hoy viene a derrotar, aunque quedan todavía unos minutos, nada más y",partido,
694,01:25:29,5129,"nada menos que al Real Madrid, que no ha llegado del todo bien al partido, aunque le metió cinco al Borussia Dortmund, pero es que el Barça ya viene avisando,","nada menos que al Real Madrid, que no ha llegado del todo bien al partido, aunque le metió cinco al Borussia Dortmund, pero es que el Barça ya viene avisando,",partido,
695,01:25:37,5137,"tiene una mezcla de de entrenador, jugadores jóvenes y Sobre todo no tiene al mejor jugador posiblemente del mundo,","tiene una mezcla de entrenador, jugadores jóvenes y Sobre todo no tiene al mejor jugador posiblemente del mundo,",partido,
696,01:25:45,5145,"que es Kilian Mbappé, aunque el Madrid posiblemente ya lo tenía, que es Vinicius, pero tiene la Villamal. Es decir, se juntan ahí toda una historia","que es Kilian Mbappé, aunque el Madrid posiblemente ya lo tenía, que es Vinicius, pero tiene la Villamal. Es decir, se juntan ahí toda una historia",partido,
697,01:25:53,5153,de de de de circunstancias que hacen que el Fútbol Club Barcelona ahora mismo esté en un momento absolutamente,de circunstancias que hacen que el Fútbol Club Barcelona ahora mismo esté en un momento absolutamente,partido,
698,01:26:02,5162,"esplendoroso. Esto que está haciendo Vinicius con Sánchez Martínez, que se lo queda mirando, eh, sigue protestando, ha visto una cartulina amarilla y el","esplendoroso. Esto que está haciendo Vinicius con Sánchez Martínez, que se lo queda mirando, eh, sigue protestando, ha visto una cartulina amarilla y el",partido,
699,01:26:10,5170,marcador está de 0 a TR porque Vinicius ahí ha ido a darle una patada directamente a a Pedri.,marcador está de 0 a TR porque Vinicius ahí ha ido a darle una patada directamente a a Pedri.,partido,
700,01:26:16,5176,"Vemos ahí la zancadilla por detrás y el gesto de Vinicius. Eh, sí, vamos. O sea,","Vemos ahí la zancadilla por detrás y el gesto de Vinicius. Eh, sí, vamos. O sea,",partido,
701,01:26:25,5185,"eh, si el partido ha sido bueno y hemos alabado a muchos jugadores, creo que el árbitro también tiene que estar dentro","eh, si el partido ha sido bueno y hemos alabado a muchos jugadores, creo que el árbitro también tiene que estar dentro",partido,
702,01:26:33,5193,"de ese buen partido. Eh, otro balón en profundidad para Fren de Jaba buscando a Robert Lewandowski, pero ha salvado el balón Militao y está jugando el equipo blanco.","de ese buen partido. Eh, otro balón en profundidad para Fren de Jaba buscando a Robert Lewandowski, pero ha salvado el balón Militao y está jugando el equipo blanco.",partido,
703,01:26:45,5205,Shut Bellingham.,Shut Bellingham.,partido,
704,01:26:46,5206,"Yo al Real Madrid no lo doy nunca por muerto. Hoy tampoco, ¿eh? Hoy tampoco, sin lugar a dudas. Y el Barça creo que tampoco porque no ha bajado, eh, intensidad de presión, no ha bajado, no,","Yo al Real Madrid no lo doy nunca por muerto. Hoy tampoco, ¿eh? Hoy tampoco, sin lugar a dudas. Y el Barça creo que tampoco porque no ha bajado, eh, intensidad de presión, no ha bajado, no,",partido,
705,01:26:55,5215,"no. Eh, un gol ahora seguramente que un poco este silencio que escuchamos","no. Eh, un gol ahora seguramente que un poco este silencio que escuchamos",partido,
706,01:27:02,5222,"cambiaría por por un rugido de del Bernabe espectacular. Es que insisto, ese hambre que mantiene el Barça,","cambiaría por por un rugido de del Bernabe espectacular. Es que insisto, ese hambre que mantiene el Barça,",partido,
707,01:27:10,5230,"incluso ganando por cero goles a tres, eh, es una cosa poco usual en los últimos años en en Caparsa. Vemos a la Minamal.","incluso ganando por cero goles a tres, eh, es una cosa poco usual en los últimos años en en Caparsa. Vemos a la Minamal.",partido,
708,01:27:17,5237,"Encanta, me encanta ver a Mejo mucho Nillego Martínez, cómo dirige esa defensa. Claro, las cosas no son casualidades, Jordi. Hay un trabajo,","Encanta, me encanta ver a Mejo mucho Nillego Martínez, cómo dirige esa defensa. Claro, las cosas no son casualidades, Jordi. Hay un trabajo,",partido,
709,01:27:25,5245,"pero luego ese trabajo hay que ejecutaron el campo con un liderazgo y ese lo ejecuta Ñigo. Jud Beningam, Bellingham por el costado izquierdo,","pero luego ese trabajo hay que ejecutaron el campo con un liderazgo y ese lo ejecuta Ñigo. Jud Beningam, Bellingham por el costado izquierdo,",partido,
710,01:27:33,5253,"desmarque, ruptura de Kilan Mbappé, acaba recibiendo Vinicius. Vinicius por el carril izquierdo, se la acaba llevando a Trancas y Barrancas.","desmarque, ruptura de Kilan Mbappé, acaba recibiendo Vinicius. Vinicius por el carril izquierdo, se la acaba llevando a Trancas y Barrancas.",partido,
711,01:27:43,5263,Ha recibido la patada Ñigo Martínez de Minicios en el momento que iba a rematar y el árbitro que se dirige hacia allí Peñ,Ha recibido la patada Ñigo Martínez de Minicios en el momento que iba a rematar y el árbitro que se dirige hacia allí Peñ,partido,
712,01:27:51,5271,y la cartulina amarilla para el guardameta.,y la cartulina amarilla para el guardameta.,partido,
713,01:27:56,5276,"Sí, sí, sí, porque no puede salir de la portería reclamar la tarjeta como salió reclamándola. Lo vamos a ver aquí. Él","Sí, sí, sí, porque no puede salir de la portería reclamar la tarjeta como salió reclamándola. Lo vamos a ver aquí. Él",partido,
714,01:28:04,5284,pedía una segunda a Vinicius que no quiero decir no no la intenta jugar el balón.,pedía una segunda a Vinicius que no quiero decir no no la intenta jugar el balón.,partido,
715,01:28:10,5290,"Sí, sí, llega llega primero Diego Martínez y después está golpeando,","Sí, sí, llega llega primero Diego Martínez y después está golpeando,",partido,
716,01:28:18,5298,intentando llegar a rematar Vinicius jugando el balón efectivamente y Peña que protesta amarilla para para él.,intentando llegar a rematar Vinicius jugando el balón efectivamente y Peña que protesta amarilla para para él.,partido,
717,01:28:23,5303,"Sánchez Martínez impecable para mí. Sí, para mí también. Golpeo larguísimo de Iñaki Peña directamente a las manos después del bote de Andr Lunin. 82","Sánchez Martínez impecable para mí. Sí, para mí también. Golpeo larguísimo de Iñaki Peña directamente a las manos después del bote de Andr Lunin. 82",partido,
718,01:28:32,5312,"minutos de partido. Real Madrid 0, Barça 3. Brahim, presión de Frankie de Jan.","minutos de partido. Real Madrid 0, Barça 3. Brahim, presión de Frankie de Jan.",partido,
719,01:28:39,5319,Falta. Se queja Frankie de JN. Es falta.,Falta. Se queja Frankie de JN. Es falta.,partido,
720,01:28:42,5322,"Carnoncelotti ha hecho mucho daño al equipo blanco, el tercero de los goles. Preccia 16 en","Carnoncelotti ha hecho mucho daño al equipo blanco, el tercero de los goles. Preccia 16 en",partido,
721,01:28:49,5329,"cuanto a faltas la presión del Barça, haciendo incluso más faltas que el Real Madrid. Mensajes para Esteban a través de Twitter de la red X","cuanto a faltas la presión del Barça, haciendo incluso más faltas que el Real Madrid. Mensajes para Esteban a través de Twitter de la red X",partido,
722,01:28:58,5338,@estebanunoportero @estebanunoportero para mi persona @ Jordi Pons-Baj @jordipons- 83 minutos parecía que la,@estebanunoportero @estebanunoportero para mi persona @ Jordi Pons-Baj @jordipons- 83 minutos parecía que la,partido,
723,01:29:06,5346,"Minam Mal iba a gestionar la acción encarando hacia la portería del equipo blanco. Dani Olmo. La va a perder el cuadro culé. Es de Valverde,","Minam Mal iba a gestionar la acción encarando hacia la portería del equipo blanco. Dani Olmo. La va a perder el cuadro culé. Es de Valverde,",partido,
724,01:29:15,5355,"el charrua hacia Militao. Le da amplitud a la acción Lucas Vázquez. El Real Madrid que busca,","el charrua hacia Militao. Le da amplitud a la acción Lucas Vázquez. El Real Madrid que busca,",partido,
725,01:29:22,5362,aquí tenemos los pases completados. La Minam Mal ganándole el duelo en ese aspecto a Vinicius Junior. Vemos a,aquí tenemos los pases completados. La Minam Mal ganándole el duelo en ese aspecto a Vinicius Junior. Vemos a,partido,
726,01:29:30,5370,Abrahim. Recuperación del Barça. Pedri con el balón. Sigue Pedri. Lucas Vázquez que le persigue. Aparece también Luka Modric. Le ha robado limpiamente el,Abrahim. Recuperación del Barça. Pedri con el balón. Sigue Pedri. Lucas Vázquez que le persigue. Aparece también Luka Modric. Le ha robado limpiamente el,partido,
727,01:29:39,5379,"balón el capitán croata del equipo blanco. Balón para Vinicius por el costado izquierdo. Vamos a ver. Vinicius va a buscar el disparo. No le deja el balón. Aquil Mbappé, pero aparece Jus","balón el capitán croata del equipo blanco. Balón para Vinicius por el costado izquierdo. Vamos a ver. Vinicius va a buscar el disparo. No le deja el balón. Aquil Mbappé, pero aparece Jus",partido,
728,01:29:47,5387,Kundé. Vinicius no. Fed de Valverde puede chutar. Aquí tenemos el disparo.,Kundé. Vinicius no. Fed de Valverde puede chutar. Aquí tenemos el disparo.,partido,
729,01:29:51,5391,Iñ Peña con algún problemilla. No sé si alguien de la defensa del base ha llegado a desviar. Tampoco le sale al Real Madrid una de sus armas. El cañón en pierna derecha de Fede de Valverde.,Iñ Peña con algún problemilla. No sé si alguien de la defensa del base ha llegado a desviar. Tampoco le sale al Real Madrid una de sus armas. El cañón en pierna derecha de Fede de Valverde.,partido,
730,01:30:00,5400,"1 hora y 30 minutosFíjate que Fede Valverde que no no era un balón para él. Qué rápido se prepara, eh, corporalmente, qué rápido se coloca bien para golpear y que coja puerta. Y","1 hora y 30 minutosFíjate que Fede Valverde que no no era un balón para él. Qué rápido se prepara, eh, corporalmente, qué rápido se coloca bien para golpear y que coja puerta. Y",partido,
731,01:30:08,5408,luego Iñaki Peña tiene esa confianza de que está tranquilo.,luego Iñaki Peña tiene esa confianza de que está tranquilo.,partido,
732,01:30:12,5412,"Rafiña que va a correr, Rafiña que pica el balón, puede caer otro. La salelina, gol,","Rafiña que va a correr, Rafiña que pica el balón, puede caer otro. La salelina, gol,",partido,
733,01:30:20,5420,"qué bueno, qué bueno, qué bueno, qué bueno. Gol.","qué bueno, qué bueno, qué bueno, qué bueno. Gol.",partido,
734,01:30:28,5428,Gol del Barcelona 04. Rafiña quería tomar parte de la fiesta y del festín que se está dando el Barça en Chapín.,Gol del Barcelona 04. Rafiña quería tomar parte de la fiesta y del festín que se está dando el Barça en Chapín.,partido,
735,01:30:38,5438,Cero goles a cuatro. El público culé vibrando. El Barça se está imponiendo con una autoridad incontestable en el,Cero goles a cuatro. El público culé vibrando. El Barça se está imponiendo con una autoridad incontestable en el,partido,
736,01:30:47,5447,partido. Cero goles a cuatro. Y el Barça va a tener la oportunidad por delante de intentar un 0 a 5 cuando le quedan 6 minutos todavía por delante.,partido. Cero goles a cuatro. Y el Barça va a tener la oportunidad por delante de intentar un 0 a 5 cuando le quedan 6 minutos todavía por delante.,partido,
737,01:30:59,5459,"Sí, no sé si la posición es es buena porque Lucas Vázquez eh se se mete muy atrás lo que hablamos, ¿no? una línea","Sí, no sé si la posición es es buena porque Lucas Vázquez eh se se mete muy atrás lo que hablamos, ¿no? una línea",partido,
738,01:31:06,5466,coordinada del Barça que obviamente algún día le pillarán y tendrá algún error contra una muy descoordinada Real Madrid con unos centrales que muchas,coordinada del Barça que obviamente algún día le pillarán y tendrá algún error contra una muy descoordinada Real Madrid con unos centrales que muchas,partido,
739,01:31:14,5474,"veces, insisto, salen a posiciones que no les corresponde dejando esos laterales totalmente olvidados. Cómo pica ese balón Rafiña y como también con","veces, insisto, salen a posiciones que no les corresponde dejando esos laterales totalmente olvidados. Cómo pica ese balón Rafiña y como también con",partido,
740,01:31:23,5483,su pierna menos dominante está de dulce Rafiña acaba con una vaselina al cielo de Madrid golpeando ese balón lejos del,su pierna menos dominante está de dulce Rafiña acaba con una vaselina al cielo de Madrid golpeando ese balón lejos del,partido,
741,01:31:31,5491,"alcance de Andre Lurin para coronar el cuarto del Barça. Pese a que Lucas Vázquez toca el balón, pero ya lo hace dentro de la portería. El Barça no se va","alcance de Andre Lurin para coronar el cuarto del Barça. Pese a que Lucas Vázquez toca el balón, pero ya lo hace dentro de la portería. El Barça no se va",partido,
742,01:31:41,5501,"a meter atrás, el Barça va a seguir buscando porque lo hacen todos los partidos desde que Hans Flick ha llegado al banquillo del Barça. Insisto, el","a meter atrás, el Barça va a seguir buscando porque lo hacen todos los partidos desde que Hans Flick ha llegado al banquillo del Barça. Insisto, el",partido,
743,01:31:50,5510,gesto de la milliña y sobre todo la autoridad hoy del Barça en una segunda parte excelsa después de,gesto de la milliña y sobre todo la autoridad hoy del Barça en una segunda parte excelsa después de,partido,
744,01:31:58,5518,que el Real Madrid tuviera sus oportunidades en la primera parte y perdonara. Recordemos que también Robert Lewandowski ha enviado un balón al palo,que el Real Madrid tuviera sus oportunidades en la primera parte y perdonara. Recordemos que también Robert Lewandowski ha enviado un balón al palo,partido,
745,01:32:05,5525,"y ahí está Carlos Ancelotti al que le van a caer unas cuantas críticas a si no le están cayendo ya ha entrado, por","y ahí está Carlos Ancelotti al que le van a caer unas cuantas críticas a si no le están cayendo ya ha entrado, por",partido,
746,01:32:13,5533,"cierto, Fran García. Sexto gol de Rafiña. Lo de Rafiña es, o sea, que venga alguien y que me lo explique. Vinicius.","cierto, Fran García. Sexto gol de Rafiña. Lo de Rafiña es, o sea, que venga alguien y que me lo explique. Vinicius.",partido,
747,01:32:21,5541,A mí también. Vinicius desde el costado izquierdo.,A mí también. Vinicius desde el costado izquierdo.,partido,
748,01:32:23,5543,Balón para Shut Beningham. Pedri que acaba recuperando ese balón. Pedri dejando el cuero para Dani Olmo. F de Valverde para presionar. Pedri para,Balón para Shut Beningham. Pedri que acaba recuperando ese balón. Pedri dejando el cuero para Dani Olmo. F de Valverde para presionar. Pedri para,partido,
749,01:32:31,5551,llevarse el balón este con Robert Lewandowski. Falta clarísima de Militao.,llevarse el balón este con Robert Lewandowski. Falta clarísima de Militao.,partido,
750,01:32:38,5558,Amarilla para Militao. En esa acción de Robert Lewandowski va a haber otro cambio.,Amarilla para Militao. En esa acción de Robert Lewandowski va a haber otro cambio.,partido,
751,01:32:45,5565,"Sí, en el Barça, me parece. No estaba Gabi, me parece que era que estaba preparado. Jordi, pues probablemente ahí está efectivamente Gabi que vuelve tras una","Sí, en el Barça, me parece. No estaba Gabi, me parece que era que estaba preparado. Jordi, pues probablemente ahí está efectivamente Gabi que vuelve tras una",partido,
752,01:32:54,5574,gravísima lesión. Cómo le ha besado Rafiña y Gabi que va a ingresar en el terreno de juego sustituyendo a Pedri.,gravísima lesión. Cómo le ha besado Rafiña y Gabi que va a ingresar en el terreno de juego sustituyendo a Pedri.,partido,
753,01:33:03,5583,Es un un cambio. Mira la cara de Pedri.,Es un un cambio. Mira la cara de Pedri.,partido,
754,01:33:05,5585,"Mirad la cara de Pedri, la sonrisa y el gesto de Pedri que ha firmado una gran performance de nuevo y Gabi para jugar","Mirad la cara de Pedri, la sonrisa y el gesto de Pedri que ha firmado una gran performance de nuevo y Gabi para jugar",partido,
755,01:33:12,5592,"estos últimos minutos, eh, pues para seguir cogiendo forma y sobre todo hacerlo ante su gran rival el Real","estos últimos minutos, eh, pues para seguir cogiendo forma y sobre todo hacerlo ante su gran rival el Real",partido,
756,01:33:19,5599,"Madrid. Dicho lo cual, hoy se rompe una racha Real Madrid de no perder en casa desde el 8 de abril del 2023. Jord","Madrid. Dicho lo cual, hoy se rompe una racha Real Madrid de no perder en casa desde el 8 de abril del 2023. Jord",partido,
757,01:33:27,5607,"Villarreal y es una racha de muchos partidos que hubiera igualado la que tiene el Barça de no perder en liga, con lo cual el propio Barça permite que su racha sea la siga siga vigente.","Villarreal y es una racha de muchos partidos que hubiera igualado la que tiene el Barça de no perder en liga, con lo cual el propio Barça permite que su racha sea la siga siga vigente.",partido,
758,01:33:37,5617,"Buen dato, 87 minutos, balón colgado.","Buen dato, 87 minutos, balón colgado.",partido,
759,01:33:39,5619,"Shuscunde acaba despejando el balón con la cabeza, la toca Gabi. Primer balón que ha tocado. Imponente en el salto ahora Rudiger. Ahí fuera de juego una","Shuscunde acaba despejando el balón con la cabeza, la toca Gabi. Primer balón que ha tocado. Imponente en el salto ahora Rudiger. Ahí fuera de juego una",partido,
760,01:33:47,5627,vez más de Vinicius. Se le van a hacer largos estos instantes y estos minutos al Real Madrid. Qué pase de Inigo Martínez. Y como ahí Rafiña que viene de,vez más de Vinicius. Se le van a hacer largos estos instantes y estos minutos al Real Madrid. Qué pase de Inigo Martínez. Y como ahí Rafiña que viene de,partido,
761,01:33:56,5636,meterle tres al Bayern de Munich con esa vaselina acaba colocando el 0 a cu.,meterle tres al Bayern de Munich con esa vaselina acaba colocando el 0 a cu.,partido,
762,01:34:03,5643,Brutal.,Brutal.,partido,
763,01:34:06,5646,Ahí está su celebración y ahí están los chicos de el banquillo del Fútbol Club Barcelona celebrando y vemos ahí a Carro,Ahí está su celebración y ahí están los chicos de el banquillo del Fútbol Club Barcelona celebrando y vemos ahí a Carro,partido,
764,01:34:13,5653,Ancelotti como le está advirtiendo que no celebren de esa de esa forma.,Ancelotti como le está advirtiendo que no celebren de esa de esa forma.,partido,
765,01:34:20,5660,Puede llegar Rafiña. No ha llegado. El que ha llegado es Fran García para evitar el remate de Rafiña a los 88,Puede llegar Rafiña. No ha llegado. El que ha llegado es Fran García para evitar el remate de Rafiña a los 88,partido,
766,01:34:27,5667,"minutos de partido. Me estoy fijando mucho en Luning por de formación profesional, o sea, los porteros, pero me estoy fijando más en cómo está dentro","minutos de partido. Me estoy fijando mucho en Luning por de formación profesional, o sea, los porteros, pero me estoy fijando más en cómo está dentro",partido,
767,01:34:35,5675,"de que no tiene la jerarquía de Ctua, obviamente a los centrales diciéndoles, ""Chicos, por favor, no podemos cometer estos errores, hay que estar mucho más","de que no tiene la jerarquía de Ctua, obviamente a los centrales diciéndoles, ""Chicos, por favor, no podemos cometer estos errores, hay que estar mucho más",partido,
768,01:34:42,5682,"coordinados."" Lo dice de aquella manera, ¿no? No es Courtois, que si está hoy Courto en el campo seguramente le veríamos otras caras de otros gestos.","coordinados."" Lo dice de aquella manera, ¿no? No es Courtois, que si está hoy Courto en el campo seguramente le veríamos otras caras de otros gestos.",partido,
769,01:34:51,5691,Ahí tenemos a Rafiña. 88 minutos y medio. Rafiña que va a meter ese balón en corto para que juegue La Minamal. La,Ahí tenemos a Rafiña. 88 minutos y medio. Rafiña que va a meter ese balón en corto para que juegue La Minamal. La,partido,
770,01:34:59,5699,Minamal intenta marcharse para el golpeo de Dani Olmo. El golpeo de Dani Olmo acaba saliendo fuera. Cero,Minamal intenta marcharse para el golpeo de Dani Olmo. El golpeo de Dani Olmo acaba saliendo fuera. Cero,partido,
771,01:35:08,5708,goles a cuatro. Últimos compases del partido. Nos queda todavía conocer cuánto va a añadir Schei Martínez y el Barça observar como sigue plantado,goles a cuatro. Últimos compases del partido. Nos queda todavía conocer cuánto va a añadir Schei Martínez y el Barça observar como sigue plantado,partido,
772,01:35:16,5716,"viviendo en el terreno de juego del Real Madrid para presionar. Bellingham recibe, se pone de costado, le está presionando Gabi. Fantástico J","viviendo en el terreno de juego del Real Madrid para presionar. Bellingham recibe, se pone de costado, le está presionando Gabi. Fantástico J",partido,
773,01:35:24,5724,"Bellingham, no solo cómo se ha desmarcado, cómo ha controlado el balón, sino cómo se lo ha metido a Kilian Mbappé. Mbappé por el costado izquierdo.","Bellingham, no solo cómo se ha desmarcado, cómo ha controlado el balón, sino cómo se lo ha metido a Kilian Mbappé. Mbappé por el costado izquierdo.",partido,
774,01:35:31,5731,Aparece Gabi. Gabi para recuperar Gabi con Vinicius. Van a saltar chispas. Van a saltar chispas. Primero ha tocado,Aparece Gabi. Gabi para recuperar Gabi con Vinicius. Van a saltar chispas. Van a saltar chispas. Primero ha tocado,partido,
775,01:35:38,5738,"Vinicius, después Gabe y el árbitro que le muestra la cartulina amarilla a Gabi.","Vinicius, después Gabe y el árbitro que le muestra la cartulina amarilla a Gabi.",partido,
776,01:35:44,5744,"Ahí vemos cómo se siguen abrazando, pero es un abrazo ficticio porque esto ya viene de otros partidos. Y Gabi con","Ahí vemos cómo se siguen abrazando, pero es un abrazo ficticio porque esto ya viene de otros partidos. Y Gabi con",partido,
777,01:35:52,5752,Vinicius. Ahí vemos como Gabi llega hacia Vinicius.,Vinicius. Ahí vemos como Gabi llega hacia Vinicius.,partido,
778,01:35:56,5756,"El duelo entre ambos y ahí esto se veía venir que iban a saltar chispas. Sí, sí. Amarilla para Gabi.","El duelo entre ambos y ahí esto se veía venir que iban a saltar chispas. Sí, sí. Amarilla para Gabi.",partido,
779,01:36:05,5765,89 minutos. Golpeo al interior del área. Acaba despejando Robert Lewandowski.,89 minutos. Golpeo al interior del área. Acaba despejando Robert Lewandowski.,partido,
780,01:36:09,5769,Puede correr Dani Olmo. Puede correr el Barça. Olmo para Rafiña. Rafiña que corre por el costado izquierdo. Vemos,Puede correr Dani Olmo. Puede correr el Barça. Olmo para Rafiña. Rafiña que corre por el costado izquierdo. Vemos,partido,
781,01:36:16,5776,una pelea de Militao con Valde. Ese balón lo va a cortar ahora Fed de Valverde. Daniol en la presión también Rafiña. Fede de Valverde que se la lleva. Minuto 90.,una pelea de Militao con Valde. Ese balón lo va a cortar ahora Fed de Valverde. Daniol en la presión también Rafiña. Fede de Valverde que se la lleva. Minuto 90.,partido,
782,01:36:26,5786,Golpea hacia la zona ancha del terreno de juego donde ahora corre Vinicius. Dos minutos de añadido. Balón para Killan Mbappé. Killan Mbappé dentro del área.,Golpea hacia la zona ancha del terreno de juego donde ahora corre Vinicius. Dos minutos de añadido. Balón para Killan Mbappé. Killan Mbappé dentro del área.,partido,
783,01:36:34,5794,Mbappé. Mbappé. Mbappé. Mbappé. Iñaki Peña. Iñaki Peña. Es un muro en franqueable en el partido de hoy. Y Kilian Mbappé,Mbappé. Mbappé. Mbappé. Mbappé. Iñaki Peña. Iñaki Peña. Es un muro en franqueable en el partido de hoy. Y Kilian Mbappé,partido,
784,01:36:43,5803,"que no ha encontrado el camino del gol que posiblemente estaba también en fuera de juego. Sí, otra vez. Otra vez. Exacto.","que no ha encontrado el camino del gol que posiblemente estaba también en fuera de juego. Sí, otra vez. Otra vez. Exacto.",partido,
785,01:36:50,5810,"Dicho lo cual, Jordi, este partidoqu Peña no solo es bueno para él, es para sus compañeros también de que ven un","Dicho lo cual, Jordi, este partidoqu Peña no solo es bueno para él, es para sus compañeros también de que ven un",partido,
786,01:36:57,5817,"portero que va a crecer, o sea, que que fíjate que aguanta de pie, hay que darle mérito y qué mano más dura pone, pero va a crecer y eso es muy bueno para para","portero que va a crecer, o sea, que fíjate que aguanta de pie, hay que darle mérito y qué mano más dura pone, pero va a crecer y eso es muy bueno para para",partido,
787,01:37:06,5826,sus compañeros. Una posición un poco dubitativa. 12 fueras de juego del equipo blanco. 12.,sus compañeros. Una posición un poco dubitativa. 12 fueras de juego del equipo blanco. 12.,partido,
788,01:37:15,5835,"¿Y cuántos Mbappé? Ocho, sí, sí, por lo menos mínimo, si no más.","¿Y cuántos Mbappé? Ocho, sí, sí, por lo menos mínimo, si no más.",partido,
789,01:37:20,5840,Aquí vemos la acción ahí de Lucas Vázquez sobre Rafiña.,Aquí vemos la acción ahí de Lucas Vázquez sobre Rafiña.,partido,
790,01:37:25,5845,"Claro, es que ahora hay la opción pues que comentábamos, aunque yo creo que no lo va a hacer el Barça porque le queda, esto es un golazo, golazo de la ninja","Claro, es que ahora hay la opción pues que comentábamos, aunque yo creo que no lo va a hacer el Barça porque le queda, esto es un golazo, golazo de la ninja",partido,
791,01:37:33,5853,"mal, absolutamente, o sea, es imparable, o sea, no se puede mejorar ese disparo.","mal, absolutamente, o sea, es imparable, o sea, no se puede mejorar ese disparo.",partido,
792,01:37:37,5857,"Totalmente. De abajo a arriba potencia, colocación, lo que me faltaba.","Totalmente. De abajo a arriba potencia, colocación, lo que me faltaba.",partido,
793,01:37:42,5862,"Bueno, son blauranas. Sí, sí, por eso es 04. La sonrisa blaugrana del Barça.","Bueno, son blauranas. Sí, sí, por eso es 04. La sonrisa blaugrana del Barça.",partido,
794,01:37:50,5870,La sonrisa blaugrana de la Minamal.,La sonrisa blaugrana de la Minamal.,partido,
795,01:37:53,5873,"Pues has hecho titular de muchos medios escritos, Jordi. Yo creo eh ahora mismo.","Pues has hecho titular de muchos medios escritos, Jordi. Yo creo eh ahora mismo.",partido,
796,01:37:56,5876,"Eh, de John por el costado derecho hacia Kundé. Sigue Cundé, todavía Cundé.","Eh, de John por el costado derecho hacia Kundé. Sigue Cundé, todavía Cundé.",partido,
797,01:38:03,5883,Balón para la Miña Mal. Vamos a ver. La Miña Mal es la última del partido. La Miña Mal intenta progresar por esa zona.,Balón para la Miña Mal. Vamos a ver. La Miña Mal es la última del partido. La Miña Mal intenta progresar por esa zona.,partido,
798,01:38:08,5888,Cómo presiona el Real Madrid para evitar un posible quinto gol del Barça. La Minam mal no va a poder. Se la lleva Juk Bellingham. Pita Sánchez Martínez.,Cómo presiona el Real Madrid para evitar un posible quinto gol del Barça. La Minam mal no va a poder. Se la lleva Juk Bellingham. Pita Sánchez Martínez.,partido,
799,01:38:17,5897,Victoria autoritaria del Fútbol Club Barcelona que mete tierra de por medio en el partido de hoy y como también en la tabla clasificatoria. Vemos a Carl,Victoria autoritaria del Fútbol Club Barcelona que mete tierra de por medio en el partido de hoy y como también en la tabla clasificatoria. Vemos a Carl,fuera_del_partido,Presentacion previa o comentario posterior al pitido final.
800,01:38:26,5906,Ronchelotti como está recriminando algún miembro del staff técnico de eh Hansifak,Ronchelotti como está recriminando algún miembro del staff técnico de eh Hansifak,fuera_del_partido,Presentacion previa o comentario posterior al pitido final.
801,01:38:32,5912,"que haya celebrado eh esa esa victoria quizás de de forma demasiado efusiva,","que haya celebrado eh esa esa victoria quizás de forma demasiado efusiva,",fuera_del_partido,Presentacion previa o comentario posterior al pitido final.
802,01:38:39,5919,"pero eh el Barça ha pasado por encima la segunda parte del Real Madrid que ha tenido sus opciones, pero la ansiedad estaba en la clave. balones a la","pero eh el Barça ha pasado por encima la segunda parte del Real Madrid que ha tenido sus opciones, pero la ansiedad estaba en la clave. balones a la",fuera_del_partido,Presentacion previa o comentario posterior al pitido final.
803,01:38:47,5927,"espalda, eh, pero para balones a la espalda y vemos a Robert Lewandowski que es el MVP del partido, no hay que quedar en fuera de juego. La defensa del Barça","espalda, eh, pero para balones a la espalda y vemos a Robert Lewandowski que es el MVP del partido, no hay que quedar en fuera de juego. La defensa del Barça",fuera_del_partido,Presentacion previa o comentario posterior al pitido final.
804,01:38:56,5936,"le ha ganado la partida al ataque del Real Madrid, que es uno de los mejores del mundo con Mbappé y con Vinicius.","le ha ganado la partida al ataque del Real Madrid, que es uno de los mejores del mundo con Mbappé y con Vinicius.",fuera_del_partido,Presentacion previa o comentario posterior al pitido final.
805,01:39:04,5944,"Después han llegado los artistas, la Miña Mal, Robert Lewandowski, Rafiña para certificar una victoria brutal.","Después han llegado los artistas, la Miña Mal, Robert Lewandowski, Rafiña para certificar una victoria brutal.",fuera_del_partido,Presentacion previa o comentario posterior al pitido final.
806,01:39:10,5950,"Victoria contra el Real Madrid. ¿Qué sensación os deja y y qué sabor después de esta semana que habéis tenido? Bueno, pues habíamos quedado una semana difícil contra tres equipos muy complicados y","Victoria contra el Real Madrid. ¿Qué sensación os deja y qué sabor después de esta semana que habéis tenido? Bueno, pues habíamos quedado una semana difícil contra tres equipos muy complicados y",fuera_del_partido,Presentacion previa o comentario posterior al pitido final.
807,01:39:19,5959,"bueno, hemos sabido sacarlo. Creo que el equipo ha hecho muy buen juego y estamos todos muy contentos.","bueno, hemos sabido sacarlo. Creo que el equipo ha hecho muy buen juego y estamos todos muy contentos.",fuera_del_partido,Presentacion previa o comentario posterior al pitido final.
808,01:39:23,5963,Muchas gracias y suerte a vosotros. Gracias.,Muchas gracias y suerte a vosotros. Gracias.,fuera_del_partido,Presentacion previa o comentario posterior al pitido final.
809,01:39:25,5965,"Bueno, en la miniflash en este caso del jugador del Fútbol Club Barcelona no va a hablar ningún jugador del Real Madrid.","Bueno, en la miniflash en este caso del jugador del Fútbol Club Barcelona no va a hablar ningún jugador del Real Madrid.",fuera_del_partido,Presentacion previa o comentario posterior al pitido final.
810,01:39:31,5971,"Esteban, victoria incontestable del Fútbol Club Barcelona.","Esteban, victoria incontestable del Fútbol Club Barcelona.",fuera_del_partido,Presentacion previa o comentario posterior al pitido final.
811,01:39:34,5974,"Mira, era una semana para ambos de refrendar, ¿no?, sus buenos inicios, de ser fieles y y sobre todo de no generar","Mira, era una semana para ambos de refrendar, ¿no?, sus buenos inicios, de ser fieles y sobre todo de no generar",fuera_del_partido,Presentacion previa o comentario posterior al pitido final.
812,01:39:43,5983,"dudas. Bueno, pues hay un equipo que hoy las dejad, que es el Real Madrid, venía avisando que algún día podía tropezar, pero bueno, las remontadas, el Bernabéu,","dudas. Bueno, pues hay un equipo que hoy las dejad, que es el Real Madrid, venía avisando que algún día podía tropezar, pero bueno, las remontadas, el Bernabéu,",fuera_del_partido,Presentacion previa o comentario posterior al pitido final.
813,01:39:51,5991,"la épica, pero hay una realidad que es el Fútbol Club Barcelona, una realidad con jugadores que para muchos es la primera vez en casi todo, primer","la épica, pero hay una realidad que es el Fútbol Club Barcelona, una realidad con jugadores que para muchos es la primera vez en casi todo, primer",fuera_del_partido,Presentacion previa o comentario posterior al pitido final.
814,01:39:59,5999,"clásico, primeros partidos de Europa y un entrenador pues que o o es muy bueno o ha encontrado algo que no veíamos los","clásico, primeros partidos de Europa y un entrenador pues que o o es muy bueno o ha encontrado algo que no veíamos los",fuera_del_partido,Presentacion previa o comentario posterior al pitido final.
815,01:40:06,6006,"demás y ahí me incluyo yo, pero que tenemos un equipo de presente cuando pensábamos que que había sido pasado y quedaba mucho para el futuro.","demás y ahí me incluyo yo, pero que tenemos un equipo de presente cuando pensábamos que había sido pasado y quedaba mucho para el futuro.",fuera_del_partido,Presentacion previa o comentario posterior al pitido final.
816,01:40:15,6015,"Cer goles a cu. Victoria del Fútbol Club Barcelona. Esteban, gracias, un abrazo, hasta la próxima.","Cer goles a cu. Victoria del Fútbol Club Barcelona. Esteban, gracias, un abrazo, hasta la próxima.",fuera_del_partido,Presentacion previa o comentario posterior al pitido final.
817,01:40:19,6019,"Gracias a ti por darle esta emoción, Jordi.","Gracias a ti por darle esta emoción, Jordi.",fuera_del_partido,Presentacion previa o comentario posterior al pitido final.
818,01:40:21,6021,Gracias a todos vosotros. Hoy el Barça ha sido mejor que el Real Madrid.,Gracias a todos vosotros. Hoy el Barça ha sido mejor que el Real Madrid.,fuera_del_partido,Presentacion previa o comentario posterior al pitido final.
819,01:40:25,6025,Veremos cómo acaba la liga. Es todo. Que vaya bien. Buenas noches. Buena. Ah.,Veremos cómo acaba la liga. Es todo. Que vaya bien. Buenas noches. Buena. Ah.,fuera_del_partido,Presentacion previa o comentario posterior al pitido final.
